#
# There is insufficient memory for the Java Runtime Environment to continue.
# Native memory allocation (mmap) failed to map 1753219072 bytes for G1 virtual space
# Possible reasons:
#   The system is out of physical RAM or swap space
#   The process is running with CompressedOops enabled, and the Java Heap may be blocking the growth of the native heap
# Possible solutions:
#   Reduce memory load on the system
#   Increase physical memory or swap space
#   Check if swap backing store is full
#   Decrease Java heap size (-Xmx/-Xms)
#   Decrease number of Java threads
#   Decrease Java thread stack sizes (-Xss)
#   Set larger code cache with -XX:ReservedCodeCacheSize=
#   JVM is running with Zero Based Compressed Oops mode in which the Java heap is
#     placed in the first 32GB address space. The Java Heap base address is the
#     maximum limit for the native heap growth. Please use -XX:HeapBaseMinAddress
#     to set the Java Heap base and to place the Java Heap above 32GB virtual address.
# This output file may be truncated or incomplete.
#
#  Out of Memory Error (os_windows.cpp:3548), pid=24464, tid=2276
#
# JRE version: Java(TM) SE Runtime Environment (17.0.12+8) (build 17.0.12+8-LTS-286)
# Java VM: Java HotSpot(TM) 64-Bit Server VM (17.0.12+8-LTS-286, mixed mode, sharing, tiered, compressed oops, compressed class ptrs, g1 gc, windows-amd64)
# No core dump will be written. Minidumps are not enabled by default on client versions of Windows
#

---------------  S U M M A R Y ------------

Command Line: --add-opens=java.base/java.lang=ALL-UNNAMED --add-opens=java.base/java.lang.invoke=ALL-UNNAMED --add-opens=java.base/java.util=ALL-UNNAMED --add-opens=java.prefs/java.util.prefs=ALL-UNNAMED --add-exports=jdk.compiler/com.sun.tools.javac.api=ALL-UNNAMED --add-exports=jdk.compiler/com.sun.tools.javac.util=ALL-UNNAMED --add-opens=java.base/java.util=ALL-UNNAMED --add-opens=java.prefs/java.util.prefs=ALL-UNNAMED --add-opens=java.base/java.nio.charset=ALL-UNNAMED --add-opens=java.base/java.net=ALL-UNNAMED --add-opens=java.base/java.util.concurrent.atomic=ALL-UNNAMED --add-opens=java.xml/javax.xml.namespace=ALL-UNNAMED -XX:MaxMetaspaceSize=4G -XX:ReservedCodeCacheSize=512m -XX:+HeapDumpOnOutOfMemoryError -Xmx8G -Dfile.encoding=windows-1252 -Duser.country=IN -Duser.language=en -Duser.variant -javaagent:C:\Users\anshu\.gradle\wrapper\dists\gradle-8.12-all\ejduaidbjup3bmmkhw3rie4zb\gradle-8.12\lib\agents\gradle-instrumentation-agent-8.12.jar org.gradle.launcher.daemon.bootstrap.GradleDaemon 8.12

Host: AMD Ryzen 5 5500U with Radeon Graphics         , 12 cores, 7G,  Windows 11 , 64 bit Build 26100 (10.0.26100.8972)
Time: Mon Aug  3 13:35:32 2026 India Standard Time elapsed time: 416.687291 seconds (0d 0h 6m 56s)

---------------  T H R E A D  ---------------

Current thread (0x000002367af33b20):  VMThread "VM Thread" [stack: 0x0000006536000000,0x0000006536100000] [id=2276]

Stack: [0x0000006536000000,0x0000006536100000]
Native frames: (J=compiled Java code, j=interpreted, Vv=VM code, C=native code)
V  [jvm.dll+0x67a04a]
V  [jvm.dll+0x7da4ed]
V  [jvm.dll+0x7dbe33]
V  [jvm.dll+0x7dc4a3]
V  [jvm.dll+0x24508f]
V  [jvm.dll+0x677089]
V  [jvm.dll+0x66bd32]
V  [jvm.dll+0x301fa6]
V  [jvm.dll+0x309546]
V  [jvm.dll+0x359d2e]
V  [jvm.dll+0x359f5f]
V  [jvm.dll+0x2d9078]
V  [jvm.dll+0x2d74ad]
V  [jvm.dll+0x2d6afc]
V  [jvm.dll+0x31a65b]
V  [jvm.dll+0x7e0d9b]
V  [jvm.dll+0x7e1ad4]
V  [jvm.dll+0x7e1fed]
V  [jvm.dll+0x7e23c4]
V  [jvm.dll+0x7e2490]
V  [jvm.dll+0x78abea]
V  [jvm.dll+0x678f35]
C  [ucrtbase.dll+0x2cd30]
C  [KERNEL32.DLL+0x2ccb7]
C  [ntdll.dll+0xaad6c]

VM_Operation (0x00000065470fd470): G1CollectForAllocation, mode: safepoint, requested by thread 0x00000236cf5c6aa0


---------------  P R O C E S S  ---------------

Threads class SMR info:
_java_thread_list=0x00000236d7e61ee0, length=240, elements={
0x000002366dc3a300, 0x000002367af39620, 0x000002367af3b1f0, 0x000002367af52150,
0x000002367af52d10, 0x000002367af557e0, 0x000002367af575c0, 0x000002367af591d0,
0x000002367af59b90, 0x000002367af644c0, 0x000002367af252b0, 0x000002367bbf3430,
0x00000236c2614b10, 0x00000236c26b5580, 0x00000236c26855e0, 0x00000236c1c572c0,
0x00000236c1c568a0, 0x00000236c1c55e80, 0x00000236c1c56db0, 0x00000236c1c59120,
0x00000236c1c59630, 0x00000236c1c577d0, 0x00000236c1c581f0, 0x00000236c1c57ce0,
0x00000236c1c58700, 0x00000236c4018db0, 0x00000236c4019ce0, 0x00000236c4017e80,
0x00000236c4018390, 0x00000236c401a1f0, 0x00000236c401b630, 0x00000236c401ac10,
0x00000236c401c050, 0x00000236c401b120, 0x00000236c40197d0, 0x00000236c401d490,
0x00000236c401deb0, 0x00000236c401d9a0, 0x00000236c401e8d0, 0x00000236c401e3c0,
0x00000236c30f9160, 0x00000236c30fafc0, 0x00000236c30fa090, 0x00000236c30fb4d0,
0x00000236c30f8740, 0x00000236c30f9670, 0x00000236c30f8c50, 0x00000236c30f9b80,
0x00000236c30fa5a0, 0x00000236c30faab0, 0x00000236c30fb9e0, 0x00000236c30f8230,
0x00000236c30ff6a0, 0x00000236c30fe770, 0x00000236c30fc910, 0x00000236c30fbef0,
0x00000236c30fc400, 0x00000236c30fe260, 0x00000236c30fce20, 0x00000236c30fec80,
0x00000236c30fdd50, 0x00000236c30ffbb0, 0x00000236c30ff190, 0x00000236c30fd330,
0x00000236c30fd840, 0x00000236c476e790, 0x00000236c476eca0, 0x00000236c476fbd0,
0x00000236c476d860, 0x00000236c476d350, 0x00000236c4772e70, 0x00000236c4772960,
0x00000236c4771a30, 0x00000236c4771f40, 0x00000236c4772450, 0x00000236c4771520,
0x00000236c4771010, 0x00000236c4773380, 0x00000236c4773890, 0x00000236c4773da0,
0x00000236c47742b0, 0x00000236c6186060, 0x00000236c6186f90, 0x00000236c6186570,
0x00000236c6186a80, 0x00000236c6187ec0, 0x00000236c61883d0, 0x00000236c61874a0,
0x00000236c61888e0, 0x00000236c61879b0, 0x00000236c6188df0, 0x00000236c6189300,
0x00000236c6189810, 0x00000236c6b1d9f0, 0x00000236c6b1b170, 0x00000236c6b1d4e0,
0x00000236c6b1b680, 0x00000236c6b1f340, 0x00000236c6b1df00, 0x00000236c6b1e920,
0x00000236c6b1e410, 0x00000236c6b1bb90, 0x00000236c6b1ee30, 0x00000236c6b1f850,
0x00000236c6b1c5b0, 0x00000236c6b1c0a0, 0x00000236c6b1fd60, 0x00000236c6b20270,
0x00000236c6b1cac0, 0x00000236c6b20780, 0x00000236c6b1cfd0, 0x00000236c6b20c90,
0x00000236c6b211a0, 0x00000236c6b21bc0, 0x00000236c6b216b0, 0x00000236c6b225e0,
0x00000236c6b220d0, 0x00000236c5b5c2a0, 0x00000236c5b5b880, 0x00000236c5b5c7b0,
0x00000236c5b59510, 0x00000236c5b5d1d0, 0x00000236c5b59a20, 0x00000236c5b5d6e0,
0x00000236c5b59f30, 0x00000236c5b5f030, 0x00000236c5b5e100, 0x00000236c5b5dbf0,
0x00000236c5b5f540, 0x00000236c5b5e610, 0x00000236c5b5eb20, 0x00000236c5b5fa50,
0x00000236c5b5bd90, 0x00000236c5b5ff60, 0x00000236c4fe2780, 0x00000236c4fdf4e0,
0x00000236c4fe1850, 0x00000236c4fe1d60, 0x00000236c4fdf9f0, 0x00000236c4fe2c90,
0x00000236c4fdff00, 0x00000236c4fe3bc0, 0x00000236c4fe2270, 0x00000236c4fe36b0,
0x00000236c4fe1340, 0x00000236c4fe0e30, 0x00000236c4fe31a0, 0x00000236c4fe0410,
0x00000236c4fe45e0, 0x00000236c4fe40d0, 0x00000236c4fe6950, 0x00000236c4fe4af0,
0x00000236c4fe6440, 0x00000236c401a700, 0x00000236c4fe6e60, 0x00000236c476f1b0,
0x00000236c1107a50, 0x00000236c1108e90, 0x00000236c1106b20, 0x00000236c1106610,
0x00000236c1107540, 0x00000236c1107f60, 0x00000236c1108470, 0x00000236c1108980,
0x00000236c1109dc0, 0x00000236c11093a0, 0x00000236c11098b0, 0x00000236c1107030,
0x00000236c6c631d0, 0x00000236c6c65a50, 0x00000236c6c65030, 0x00000236c6c65f60,
0x00000236c6c66470, 0x00000236c6c6ab50, 0x00000236c6c69200, 0x00000236c6c69710,
0x00000236c37491c0, 0x00000236c374bf50, 0x00000236c374ce80, 0x00000236c37496d0,
0x00000236c374ddb0, 0x00000236c374d390, 0x00000236c374e7d0, 0x00000236c374d8a0,
0x00000236c374e2c0, 0x00000236c374f700, 0x00000236cebfca40, 0x00000236cebfc020,
0x00000236cebff2c0, 0x00000236cec02f80, 0x00000236cec02560, 0x00000236cec001f0,
0x00000236cec03eb0, 0x00000236cec00c10, 0x00000236cec00700, 0x00000236cec06220,
0x00000236cec07b70, 0x00000236cec08080, 0x00000236cec048d0, 0x00000236cec08590,
0x00000236cec04de0, 0x00000236cec08aa0, 0x00000236cec052f0, 0x00000236cec099d0,
0x00000236cec0b320, 0x00000236cec08fb0, 0x00000236cec0a900, 0x00000236cec094c0,
0x00000236cec09ee0, 0x00000236cec0ae10, 0x00000236cec0a3f0, 0x00000236cec0b830,
0x00000236c3747d80, 0x00000236c5b58af0, 0x00000236c8e76190, 0x00000236c1c56390,
0x00000236c4fe0920, 0x00000236c374ece0, 0x00000236cf5c4730, 0x00000236cf5c19a0,
0x00000236cf5c32f0, 0x00000236cf5c23c0, 0x00000236cf5c3d10, 0x00000236cf5c3800,
0x00000236cf5c28d0, 0x00000236cf5c4220, 0x00000236cf5c0f80, 0x00000236cf5c1eb0,
0x00000236cf5c5660, 0x00000236cf5c8e10, 0x00000236cf5ca250, 0x00000236cf5c6aa0,
0x00000236cf5ca760, 0x00000236cf5c79d0, 0x00000236cf5cb180, 0x00000236cf5c9830,
0x00000236cf5cb690, 0x00000236cf5c9d40, 0x00000236d1869130, 0x00000236d7af9c60
}

Java Threads: ( => current thread )
  0x000002366dc3a300 JavaThread "main" [_thread_blocked, id=10164, stack(0x0000006535a00000,0x0000006535b00000)]
  0x000002367af39620 JavaThread "Reference Handler" daemon [_thread_blocked, id=3896, stack(0x0000006536100000,0x0000006536200000)]
  0x000002367af3b1f0 JavaThread "Finalizer" daemon [_thread_blocked, id=23700, stack(0x0000006536200000,0x0000006536300000)]
  0x000002367af52150 JavaThread "Signal Dispatcher" daemon [_thread_blocked, id=19096, stack(0x0000006536300000,0x0000006536400000)]
  0x000002367af52d10 JavaThread "Attach Listener" daemon [_thread_blocked, id=9408, stack(0x0000006536400000,0x0000006536500000)]
  0x000002367af557e0 JavaThread "Service Thread" daemon [_thread_blocked, id=21000, stack(0x0000006536500000,0x0000006536600000)]
  0x000002367af575c0 JavaThread "Monitor Deflation Thread" daemon [_thread_blocked, id=11184, stack(0x0000006536600000,0x0000006536700000)]
  0x000002367af591d0 JavaThread "C2 CompilerThread0" daemon [_thread_blocked, id=19400, stack(0x0000006536700000,0x0000006536800000)]
  0x000002367af59b90 JavaThread "C1 CompilerThread0" daemon [_thread_blocked, id=21664, stack(0x0000006536800000,0x0000006536900000)]
  0x000002367af644c0 JavaThread "Sweeper thread" daemon [_thread_blocked, id=21288, stack(0x0000006536900000,0x0000006536a00000)]
  0x000002367af252b0 JavaThread "Common-Cleaner" daemon [_thread_blocked, id=388, stack(0x0000006536a00000,0x0000006536b00000)]
  0x000002367bbf3430 JavaThread "Notification Thread" daemon [_thread_blocked, id=24148, stack(0x0000006536c00000,0x0000006536d00000)]
  0x00000236c2614b10 JavaThread "Daemon health stats" [_thread_blocked, id=23476, stack(0x0000006536b00000,0x0000006536c00000)]
  0x00000236c26b5580 JavaThread "Incoming local TCP Connector on port 56348" [_thread_in_native, id=5752, stack(0x0000006537200000,0x0000006537300000)]
  0x00000236c26855e0 JavaThread "Daemon periodic checks" [_thread_blocked, id=23388, stack(0x0000006537300000,0x0000006537400000)]
  0x00000236c1c572c0 JavaThread "Daemon" [_thread_blocked, id=21924, stack(0x0000006537400000,0x0000006537500000)]
  0x00000236c1c568a0 JavaThread "Handler for socket connection from /127.0.0.1:56348 to /127.0.0.1:56349" [_thread_in_native, id=3976, stack(0x0000006537500000,0x0000006537600000)]
  0x00000236c1c55e80 JavaThread "Cancel handler" [_thread_blocked, id=22884, stack(0x0000006537600000,0x0000006537700000)]
  0x00000236c1c56db0 JavaThread "Daemon worker" [_thread_blocked, id=19848, stack(0x0000006537700000,0x0000006537800000)]
  0x00000236c1c59120 JavaThread "Asynchronous log dispatcher for DefaultDaemonConnection: socket connection from /127.0.0.1:56348 to /127.0.0.1:56349" [_thread_blocked, id=23200, stack(0x0000006537800000,0x0000006537900000)]
  0x00000236c1c59630 JavaThread "Stdin handler" [_thread_blocked, id=6116, stack(0x0000006537900000,0x0000006537a00000)]
  0x00000236c1c577d0 JavaThread "Daemon client event forwarder" [_thread_blocked, id=22472, stack(0x0000006537a00000,0x0000006537b00000)]
  0x00000236c1c581f0 JavaThread "Cache worker for journal cache (C:\Users\anshu\.gradle\caches\journal-1)" [_thread_blocked, id=19620, stack(0x0000006537b00000,0x0000006537c00000)]
  0x00000236c1c57ce0 JavaThread "File lock request listener" [_thread_in_native, id=2632, stack(0x0000006537c00000,0x0000006537d00000)]
  0x00000236c1c58700 JavaThread "Cache worker for file hash cache (C:\Users\anshu\.gradle\caches\8.12\fileHashes)" [_thread_blocked, id=18676, stack(0x0000006537d00000,0x0000006537e00000)]
  0x00000236c4018db0 JavaThread "Cache worker for file hash cache (C:\web app\sooperbudy_restaurant\android\.gradle\8.12\fileHashes)" [_thread_blocked, id=9920, stack(0x0000006538600000,0x0000006538700000)]
  0x00000236c4019ce0 JavaThread "Cache worker for Build Output Cleanup Cache (C:\web app\sooperbudy_restaurant\android\.gradle\buildOutputCleanup)" [_thread_blocked, id=23968, stack(0x0000006538700000,0x0000006538800000)]
  0x00000236c4017e80 JavaThread "File watcher server" daemon [_thread_blocked, id=22444, stack(0x0000006538800000,0x0000006538900000)]
  0x00000236c4018390 JavaThread "File watcher consumer" daemon [_thread_blocked, id=11956, stack(0x0000006538900000,0x0000006538a00000)]
  0x00000236c401a1f0 JavaThread "Cache worker for checksums cache (C:\web app\sooperbudy_restaurant\android\.gradle\8.12\checksums)" [_thread_blocked, id=4612, stack(0x0000006538a00000,0x0000006538b00000)]
  0x00000236c401b630 JavaThread "Cache worker for file content cache (C:\Users\anshu\.gradle\caches\8.12\fileContent)" [_thread_blocked, id=6016, stack(0x0000006538b00000,0x0000006538c00000)]
  0x00000236c401ac10 JavaThread "Cache worker for cache directory md-rule (C:\Users\anshu\.gradle\caches\8.12\md-rule)" [_thread_blocked, id=22840, stack(0x0000006538d00000,0x0000006538e00000)]
  0x00000236c401c050 JavaThread "Cache worker for cache directory md-supplier (C:\Users\anshu\.gradle\caches\8.12\md-supplier)" [_thread_blocked, id=4028, stack(0x0000006538e00000,0x0000006538f00000)]
  0x00000236c401b120 JavaThread "Cache worker for Build Output Cleanup Cache (C:\src\flutter\packages\flutter_tools\gradle\.gradle\buildOutputCleanup)" [_thread_blocked, id=19484, stack(0x0000006538f00000,0x0000006539000000)]
  0x00000236c40197d0 JavaThread "Unconstrained build operations" [_thread_blocked, id=23372, stack(0x0000006538c00000,0x0000006538d00000)]
  0x00000236c401d490 JavaThread "Unconstrained build operations Thread 2" [_thread_blocked, id=20632, stack(0x0000006539000000,0x0000006539100000)]
  0x00000236c401deb0 JavaThread "Unconstrained build operations Thread 3" [_thread_blocked, id=19984, stack(0x0000006539100000,0x0000006539200000)]
  0x00000236c401d9a0 JavaThread "Unconstrained build operations Thread 4" [_thread_blocked, id=24368, stack(0x0000006539200000,0x0000006539300000)]
  0x00000236c401e8d0 JavaThread "Unconstrained build operations Thread 5" [_thread_blocked, id=24400, stack(0x0000006539300000,0x0000006539400000)]
  0x00000236c401e3c0 JavaThread "Unconstrained build operations Thread 6" [_thread_blocked, id=22152, stack(0x0000006539400000,0x0000006539500000)]
  0x00000236c30f9160 JavaThread "Unconstrained build operations Thread 7" [_thread_blocked, id=18996, stack(0x0000006539500000,0x0000006539600000)]
  0x00000236c30fafc0 JavaThread "Unconstrained build operations Thread 8" [_thread_blocked, id=11916, stack(0x0000006539600000,0x0000006539700000)]
  0x00000236c30fa090 JavaThread "Unconstrained build operations Thread 9" [_thread_blocked, id=22068, stack(0x0000006539700000,0x0000006539800000)]
  0x00000236c30fb4d0 JavaThread "Unconstrained build operations Thread 10" [_thread_blocked, id=5584, stack(0x0000006539800000,0x0000006539900000)]
  0x00000236c30f8740 JavaThread "Unconstrained build operations Thread 11" [_thread_blocked, id=5020, stack(0x0000006539900000,0x0000006539a00000)]
  0x00000236c30f9670 JavaThread "Unconstrained build operations Thread 12" [_thread_blocked, id=13088, stack(0x0000006539b00000,0x0000006539c00000)]
  0x00000236c30f8c50 JavaThread "Unconstrained build operations Thread 13" [_thread_blocked, id=22020, stack(0x0000006539c00000,0x0000006539d00000)]
  0x00000236c30f9b80 JavaThread "Unconstrained build operations Thread 14" [_thread_blocked, id=1100, stack(0x0000006539d00000,0x0000006539e00000)]
  0x00000236c30fa5a0 JavaThread "Unconstrained build operations Thread 15" [_thread_blocked, id=11696, stack(0x0000006539e00000,0x0000006539f00000)]
  0x00000236c30faab0 JavaThread "Unconstrained build operations Thread 16" [_thread_blocked, id=20172, stack(0x0000006539f00000,0x000000653a000000)]
  0x00000236c30fb9e0 JavaThread "Unconstrained build operations Thread 17" [_thread_blocked, id=5196, stack(0x000000653a000000,0x000000653a100000)]
  0x00000236c30f8230 JavaThread "Unconstrained build operations Thread 18" [_thread_blocked, id=19688, stack(0x000000653a100000,0x000000653a200000)]
  0x00000236c30ff6a0 JavaThread "Unconstrained build operations Thread 19" [_thread_blocked, id=16296, stack(0x000000653a200000,0x000000653a300000)]
  0x00000236c30fe770 JavaThread "Unconstrained build operations Thread 20" [_thread_blocked, id=13552, stack(0x000000653a300000,0x000000653a400000)]
  0x00000236c30fc910 JavaThread "Unconstrained build operations Thread 21" [_thread_blocked, id=19024, stack(0x000000653a400000,0x000000653a500000)]
  0x00000236c30fbef0 JavaThread "Unconstrained build operations Thread 22" [_thread_blocked, id=4480, stack(0x000000653a500000,0x000000653a600000)]
  0x00000236c30fc400 JavaThread "Unconstrained build operations Thread 23" [_thread_blocked, id=8284, stack(0x000000653a600000,0x000000653a700000)]
  0x00000236c30fe260 JavaThread "Unconstrained build operations Thread 24" [_thread_blocked, id=1548, stack(0x000000653a700000,0x000000653a800000)]
  0x00000236c30fce20 JavaThread "Unconstrained build operations Thread 25" [_thread_blocked, id=24332, stack(0x000000653a800000,0x000000653a900000)]
  0x00000236c30fec80 JavaThread "Unconstrained build operations Thread 26" [_thread_blocked, id=8116, stack(0x000000653a900000,0x000000653aa00000)]
  0x00000236c30fdd50 JavaThread "Unconstrained build operations Thread 27" [_thread_blocked, id=4636, stack(0x000000653aa00000,0x000000653ab00000)]
  0x00000236c30ffbb0 JavaThread "Unconstrained build operations Thread 28" [_thread_blocked, id=2588, stack(0x000000653ab00000,0x000000653ac00000)]
  0x00000236c30ff190 JavaThread "Unconstrained build operations Thread 29" [_thread_blocked, id=10708, stack(0x000000653ac00000,0x000000653ad00000)]
  0x00000236c30fd330 JavaThread "Unconstrained build operations Thread 30" [_thread_blocked, id=15668, stack(0x000000653ad00000,0x000000653ae00000)]
  0x00000236c30fd840 JavaThread "Unconstrained build operations Thread 31" [_thread_blocked, id=13568, stack(0x000000653ae00000,0x000000653af00000)]
  0x00000236c476e790 JavaThread "Unconstrained build operations Thread 32" [_thread_blocked, id=20228, stack(0x000000653af00000,0x000000653b000000)]
  0x00000236c476eca0 JavaThread "Unconstrained build operations Thread 33" [_thread_blocked, id=16204, stack(0x000000653b000000,0x000000653b100000)]
  0x00000236c476fbd0 JavaThread "Memory manager" [_thread_blocked, id=17244, stack(0x000000653b100000,0x000000653b200000)]
  0x00000236c476d860 JavaThread "build event listener" [_thread_blocked, id=11644, stack(0x0000006539a00000,0x0000006539b00000)]
  0x00000236c476d350 JavaThread "included builds" [_thread_blocked, id=4592, stack(0x000000653b400000,0x000000653b500000)]
  0x00000236c4772e70 JavaThread "Execution worker" [_thread_blocked, id=6308, stack(0x000000653b500000,0x000000653b600000)]
  0x00000236c4772960 JavaThread "Execution worker Thread 2" [_thread_blocked, id=8388, stack(0x000000653b600000,0x000000653b700000)]
  0x00000236c4771a30 JavaThread "Execution worker Thread 3" [_thread_blocked, id=22312, stack(0x000000653b700000,0x000000653b800000)]
  0x00000236c4771f40 JavaThread "Execution worker Thread 4" [_thread_blocked, id=24304, stack(0x000000653b800000,0x000000653b900000)]
  0x00000236c4772450 JavaThread "Execution worker Thread 5" [_thread_blocked, id=23844, stack(0x000000653b900000,0x000000653ba00000)]
  0x00000236c4771520 JavaThread "Execution worker Thread 6" [_thread_blocked, id=5552, stack(0x000000653ba00000,0x000000653bb00000)]
  0x00000236c4771010 JavaThread "Execution worker Thread 7" [_thread_blocked, id=18184, stack(0x000000653bb00000,0x000000653bc00000)]
  0x00000236c4773380 JavaThread "Execution worker Thread 8" [_thread_blocked, id=9736, stack(0x000000653bc00000,0x000000653bd00000)]
  0x00000236c4773890 JavaThread "Execution worker Thread 9" [_thread_blocked, id=5076, stack(0x000000653bd00000,0x000000653be00000)]
  0x00000236c4773da0 JavaThread "Execution worker Thread 10" [_thread_blocked, id=24564, stack(0x000000653be00000,0x000000653bf00000)]
  0x00000236c47742b0 JavaThread "Execution worker Thread 11" [_thread_blocked, id=2056, stack(0x000000653bf00000,0x000000653c000000)]
  0x00000236c6186060 JavaThread "Cache worker for execution history cache (C:\src\flutter\packages\flutter_tools\gradle\.gradle\8.12\executionHistory)" [_thread_blocked, id=12144, stack(0x000000653c000000,0x000000653c100000)]
  0x00000236c6186f90 JavaThread "Unconstrained build operations Thread 34" [_thread_blocked, id=9568, stack(0x000000653c100000,0x000000653c200000)]
  0x00000236c6186570 JavaThread "Unconstrained build operations Thread 35" [_thread_blocked, id=2768, stack(0x000000653c200000,0x000000653c300000)]
  0x00000236c6186a80 JavaThread "Unconstrained build operations Thread 36" [_thread_blocked, id=192, stack(0x000000653c300000,0x000000653c400000)]
  0x00000236c6187ec0 JavaThread "Unconstrained build operations Thread 37" [_thread_blocked, id=19952, stack(0x000000653c400000,0x000000653c500000)]
  0x00000236c61883d0 JavaThread "Unconstrained build operations Thread 38" [_thread_blocked, id=18856, stack(0x000000653c500000,0x000000653c600000)]
  0x00000236c61874a0 JavaThread "Unconstrained build operations Thread 39" [_thread_blocked, id=24324, stack(0x000000653c600000,0x000000653c700000)]
  0x00000236c61888e0 JavaThread "Unconstrained build operations Thread 40" [_thread_blocked, id=24404, stack(0x000000653c700000,0x000000653c800000)]
  0x00000236c61879b0 JavaThread "Unconstrained build operations Thread 41" [_thread_blocked, id=17864, stack(0x000000653c800000,0x000000653c900000)]
  0x00000236c6188df0 JavaThread "Unconstrained build operations Thread 42" [_thread_blocked, id=23936, stack(0x000000653c900000,0x000000653ca00000)]
  0x00000236c6189300 JavaThread "Unconstrained build operations Thread 43" [_thread_blocked, id=8716, stack(0x000000653ca00000,0x000000653cb00000)]
  0x00000236c6189810 JavaThread "Unconstrained build operations Thread 44" [_thread_blocked, id=23980, stack(0x000000653cb00000,0x000000653cc00000)]
  0x00000236c6b1d9f0 JavaThread "Unconstrained build operations Thread 45" [_thread_blocked, id=14556, stack(0x000000653cc00000,0x000000653cd00000)]
  0x00000236c6b1b170 JavaThread "Unconstrained build operations Thread 46" [_thread_blocked, id=16812, stack(0x000000653cd00000,0x000000653ce00000)]
  0x00000236c6b1d4e0 JavaThread "Unconstrained build operations Thread 47" [_thread_blocked, id=23928, stack(0x000000653ce00000,0x000000653cf00000)]
  0x00000236c6b1b680 JavaThread "Unconstrained build operations Thread 48" [_thread_blocked, id=9776, stack(0x000000653cf00000,0x000000653d000000)]
  0x00000236c6b1f340 JavaThread "Unconstrained build operations Thread 49" [_thread_blocked, id=21092, stack(0x000000653d000000,0x000000653d100000)]
  0x00000236c6b1df00 JavaThread "Unconstrained build operations Thread 50" [_thread_blocked, id=22032, stack(0x000000653d100000,0x000000653d200000)]
  0x00000236c6b1e920 JavaThread "Unconstrained build operations Thread 51" [_thread_blocked, id=4404, stack(0x000000653d200000,0x000000653d300000)]
  0x00000236c6b1e410 JavaThread "Unconstrained build operations Thread 52" [_thread_blocked, id=14972, stack(0x000000653d300000,0x000000653d400000)]
  0x00000236c6b1bb90 JavaThread "Unconstrained build operations Thread 53" [_thread_blocked, id=23728, stack(0x000000653d400000,0x000000653d500000)]
  0x00000236c6b1ee30 JavaThread "Unconstrained build operations Thread 54" [_thread_blocked, id=11680, stack(0x000000653d500000,0x000000653d600000)]
  0x00000236c6b1f850 JavaThread "Unconstrained build operations Thread 55" [_thread_blocked, id=18876, stack(0x000000653d600000,0x000000653d700000)]
  0x00000236c6b1c5b0 JavaThread "Unconstrained build operations Thread 56" [_thread_blocked, id=21916, stack(0x000000653d700000,0x000000653d800000)]
  0x00000236c6b1c0a0 JavaThread "Unconstrained build operations Thread 57" [_thread_blocked, id=11244, stack(0x000000653d800000,0x000000653d900000)]
  0x00000236c6b1fd60 JavaThread "Unconstrained build operations Thread 58" [_thread_blocked, id=3080, stack(0x000000653d900000,0x000000653da00000)]
  0x00000236c6b20270 JavaThread "Unconstrained build operations Thread 59" [_thread_blocked, id=19768, stack(0x000000653da00000,0x000000653db00000)]
  0x00000236c6b1cac0 JavaThread "Unconstrained build operations Thread 60" [_thread_blocked, id=22320, stack(0x000000653db00000,0x000000653dc00000)]
  0x00000236c6b20780 JavaThread "Unconstrained build operations Thread 61" [_thread_blocked, id=10196, stack(0x000000653dc00000,0x000000653dd00000)]
  0x00000236c6b1cfd0 JavaThread "Unconstrained build operations Thread 62" [_thread_blocked, id=22232, stack(0x000000653dd00000,0x000000653de00000)]
  0x00000236c6b20c90 JavaThread "Unconstrained build operations Thread 63" [_thread_blocked, id=11012, stack(0x000000653de00000,0x000000653df00000)]
  0x00000236c6b211a0 JavaThread "Unconstrained build operations Thread 64" [_thread_blocked, id=3600, stack(0x000000653df00000,0x000000653e000000)]
  0x00000236c6b21bc0 JavaThread "Unconstrained build operations Thread 65" [_thread_blocked, id=20296, stack(0x000000653e000000,0x000000653e100000)]
  0x00000236c6b216b0 JavaThread "Unconstrained build operations Thread 66" [_thread_blocked, id=3232, stack(0x000000653e100000,0x000000653e200000)]
  0x00000236c6b225e0 JavaThread "Unconstrained build operations Thread 67" [_thread_blocked, id=6284, stack(0x000000653e200000,0x000000653e300000)]
  0x00000236c6b220d0 JavaThread "Unconstrained build operations Thread 68" [_thread_blocked, id=20000, stack(0x000000653e300000,0x000000653e400000)]
  0x00000236c5b5c2a0 JavaThread "WorkerExecutor Queue" [_thread_blocked, id=9884, stack(0x000000653e400000,0x000000653e500000)]
  0x00000236c5b5b880 JavaThread "RMI Scheduler(0)" daemon [_thread_blocked, id=23992, stack(0x000000653e500000,0x000000653e600000)]
  0x00000236c5b5c7b0 JavaThread "RMI TCP Accept-0" daemon [_thread_in_native, id=7872, stack(0x000000653e800000,0x000000653e900000)]
  0x00000236c5b59510 JavaThread "Unconstrained build operations Thread 69" [_thread_blocked, id=23504, stack(0x0000006535800000,0x0000006535900000)]
  0x00000236c5b5d1d0 JavaThread "Unconstrained build operations Thread 70" [_thread_blocked, id=24132, stack(0x0000006535900000,0x0000006535a00000)]
  0x00000236c5b59a20 JavaThread "Unconstrained build operations Thread 71" [_thread_blocked, id=20188, stack(0x000000653eb00000,0x000000653ec00000)]
  0x00000236c5b5d6e0 JavaThread "Unconstrained build operations Thread 72" [_thread_blocked, id=23104, stack(0x000000653ec00000,0x000000653ed00000)]
  0x00000236c5b59f30 JavaThread "Unconstrained build operations Thread 73" [_thread_blocked, id=2012, stack(0x000000653ed00000,0x000000653ee00000)]
  0x00000236c5b5f030 JavaThread "Unconstrained build operations Thread 74" [_thread_blocked, id=19976, stack(0x000000653ee00000,0x000000653ef00000)]
  0x00000236c5b5e100 JavaThread "Unconstrained build operations Thread 75" [_thread_blocked, id=22540, stack(0x000000653ef00000,0x000000653f000000)]
  0x00000236c5b5dbf0 JavaThread "Unconstrained build operations Thread 76" [_thread_blocked, id=14608, stack(0x000000653f000000,0x000000653f100000)]
  0x00000236c5b5f540 JavaThread "Unconstrained build operations Thread 77" [_thread_blocked, id=22784, stack(0x000000653f100000,0x000000653f200000)]
  0x00000236c5b5e610 JavaThread "Unconstrained build operations Thread 78" [_thread_blocked, id=24248, stack(0x000000653f200000,0x000000653f300000)]
  0x00000236c5b5eb20 JavaThread "Unconstrained build operations Thread 79" [_thread_blocked, id=19244, stack(0x000000653f300000,0x000000653f400000)]
  0x00000236c5b5fa50 JavaThread "Unconstrained build operations Thread 80" [_thread_blocked, id=8500, stack(0x000000653f400000,0x000000653f500000)]
  0x00000236c5b5bd90 JavaThread "Unconstrained build operations Thread 81" [_thread_blocked, id=17900, stack(0x000000653e600000,0x000000653e700000)]
  0x00000236c5b5ff60 JavaThread "Unconstrained build operations Thread 82" [_thread_blocked, id=23900, stack(0x000000653f500000,0x000000653f600000)]
  0x00000236c4fe2780 JavaThread "Unconstrained build operations Thread 83" [_thread_blocked, id=13520, stack(0x000000653f600000,0x000000653f700000)]
  0x00000236c4fdf4e0 JavaThread "Unconstrained build operations Thread 84" [_thread_blocked, id=24408, stack(0x000000653f700000,0x000000653f800000)]
  0x00000236c4fe1850 JavaThread "Unconstrained build operations Thread 85" [_thread_blocked, id=9372, stack(0x000000653f800000,0x000000653f900000)]
  0x00000236c4fe1d60 JavaThread "Unconstrained build operations Thread 86" [_thread_blocked, id=18312, stack(0x000000653f900000,0x000000653fa00000)]
  0x00000236c4fdf9f0 JavaThread "Unconstrained build operations Thread 87" [_thread_blocked, id=24028, stack(0x000000653fa00000,0x000000653fb00000)]
  0x00000236c4fe2c90 JavaThread "Unconstrained build operations Thread 88" [_thread_blocked, id=20520, stack(0x000000653fb00000,0x000000653fc00000)]
  0x00000236c4fdff00 JavaThread "Unconstrained build operations Thread 89" [_thread_blocked, id=14904, stack(0x000000653fc00000,0x000000653fd00000)]
  0x00000236c4fe3bc0 JavaThread "Unconstrained build operations Thread 90" [_thread_blocked, id=1060, stack(0x000000653fd00000,0x000000653fe00000)]
  0x00000236c4fe2270 JavaThread "Unconstrained build operations Thread 91" [_thread_blocked, id=13964, stack(0x000000653fe00000,0x000000653ff00000)]
  0x00000236c4fe36b0 JavaThread "Unconstrained build operations Thread 92" [_thread_blocked, id=8460, stack(0x000000653ff00000,0x0000006540000000)]
  0x00000236c4fe1340 JavaThread "Unconstrained build operations Thread 93" [_thread_blocked, id=7416, stack(0x0000006540000000,0x0000006540100000)]
  0x00000236c4fe0e30 JavaThread "Unconstrained build operations Thread 94" [_thread_blocked, id=9376, stack(0x0000006540100000,0x0000006540200000)]
  0x00000236c4fe31a0 JavaThread "Unconstrained build operations Thread 95" [_thread_blocked, id=9440, stack(0x0000006540200000,0x0000006540300000)]
  0x00000236c4fe0410 JavaThread "Unconstrained build operations Thread 96" [_thread_blocked, id=22664, stack(0x0000006540300000,0x0000006540400000)]
  0x00000236c4fe45e0 JavaThread "Unconstrained build operations Thread 97" [_thread_blocked, id=7108, stack(0x0000006540400000,0x0000006540500000)]
  0x00000236c4fe40d0 JavaThread "Unconstrained build operations Thread 98" [_thread_blocked, id=20452, stack(0x0000006540500000,0x0000006540600000)]
  0x00000236c4fe6950 JavaThread "Unconstrained build operations Thread 99" [_thread_blocked, id=14676, stack(0x0000006540600000,0x0000006540700000)]
  0x00000236c4fe4af0 JavaThread "Unconstrained build operations Thread 100" [_thread_blocked, id=9832, stack(0x0000006540700000,0x0000006540800000)]
  0x00000236c4fe6440 JavaThread "Unconstrained build operations Thread 101" [_thread_blocked, id=19616, stack(0x0000006540800000,0x0000006540900000)]
  0x00000236c401a700 JavaThread "Unconstrained build operations Thread 102" [_thread_blocked, id=16300, stack(0x0000006540a00000,0x0000006540b00000)]
  0x00000236c4fe6e60 JavaThread "Unconstrained build operations Thread 103" [_thread_blocked, id=21520, stack(0x0000006540b00000,0x0000006540c00000)]
  0x00000236c476f1b0 JavaThread "Unconstrained build operations Thread 104" [_thread_blocked, id=21016, stack(0x0000006540c00000,0x0000006540d00000)]
  0x00000236c1107a50 JavaThread "Unconstrained build operations Thread 105" [_thread_blocked, id=24532, stack(0x0000006540d00000,0x0000006540e00000)]
  0x00000236c1108e90 JavaThread "Unconstrained build operations Thread 106" [_thread_blocked, id=2084, stack(0x0000006540e00000,0x0000006540f00000)]
  0x00000236c1106b20 JavaThread "Unconstrained build operations Thread 107" [_thread_blocked, id=8760, stack(0x0000006540f00000,0x0000006541000000)]
  0x00000236c1106610 JavaThread "Unconstrained build operations Thread 108" [_thread_blocked, id=21912, stack(0x0000006541000000,0x0000006541100000)]
  0x00000236c1107540 JavaThread "Unconstrained build operations Thread 109" [_thread_blocked, id=8288, stack(0x0000006541100000,0x0000006541200000)]
  0x00000236c1107f60 JavaThread "Unconstrained build operations Thread 110" [_thread_blocked, id=17500, stack(0x0000006541200000,0x0000006541300000)]
  0x00000236c1108470 JavaThread "Unconstrained build operations Thread 111" [_thread_blocked, id=6240, stack(0x0000006541300000,0x0000006541400000)]
  0x00000236c1108980 JavaThread "Unconstrained build operations Thread 112" [_thread_blocked, id=12924, stack(0x0000006541400000,0x0000006541500000)]
  0x00000236c1109dc0 JavaThread "Unconstrained build operations Thread 113" [_thread_blocked, id=20860, stack(0x0000006541500000,0x0000006541600000)]
  0x00000236c11093a0 JavaThread "Unconstrained build operations Thread 114" [_thread_blocked, id=17596, stack(0x0000006541600000,0x0000006541700000)]
  0x00000236c11098b0 JavaThread "Unconstrained build operations Thread 115" [_thread_blocked, id=4796, stack(0x0000006541700000,0x0000006541800000)]
  0x00000236c1107030 JavaThread "Unconstrained build operations Thread 116" [_thread_blocked, id=3560, stack(0x0000006541800000,0x0000006541900000)]
  0x00000236c6c631d0 JavaThread "Unconstrained build operations Thread 117" [_thread_blocked, id=19072, stack(0x0000006541900000,0x0000006541a00000)]
  0x00000236c6c65a50 JavaThread "Unconstrained build operations Thread 118" [_thread_blocked, id=7400, stack(0x0000006541a00000,0x0000006541b00000)]
  0x00000236c6c65030 JavaThread "Unconstrained build operations Thread 119" [_thread_blocked, id=21316, stack(0x0000006541b00000,0x0000006541c00000)]
  0x00000236c6c65f60 JavaThread "Unconstrained build operations Thread 120" [_thread_blocked, id=22380, stack(0x0000006541c00000,0x0000006541d00000)]
  0x00000236c6c66470 JavaThread "jar transforms" [_thread_blocked, id=7540, stack(0x0000006541d00000,0x0000006541e00000)]
  0x00000236c6c6ab50 JavaThread "build event listener" [_thread_blocked, id=20356, stack(0x0000006540900000,0x0000006540a00000)]
  0x00000236c6c69200 JavaThread "jar transforms Thread 2" [_thread_blocked, id=24048, stack(0x0000006541f00000,0x0000006542000000)]
  0x00000236c6c69710 JavaThread "Problems report writer" [_thread_blocked, id=15104, stack(0x0000006542000000,0x0000006542100000)]
  0x00000236c37491c0 JavaThread "jar transforms Thread 3" [_thread_blocked, id=23024, stack(0x0000006542100000,0x0000006542200000)]
  0x00000236c374bf50 JavaThread "jar transforms Thread 4" [_thread_blocked, id=22964, stack(0x0000006542200000,0x0000006542300000)]
  0x00000236c374ce80 JavaThread "jar transforms Thread 5" [_thread_blocked, id=20900, stack(0x0000006541e00000,0x0000006541f00000)]
  0x00000236c37496d0 JavaThread "jar transforms Thread 6" [_thread_blocked, id=19948, stack(0x0000006542300000,0x0000006542400000)]
  0x00000236c374ddb0 JavaThread "jar transforms Thread 7" [_thread_blocked, id=1940, stack(0x0000006535700000,0x0000006535800000)]
  0x00000236c374d390 JavaThread "jar transforms Thread 8" [_thread_blocked, id=21036, stack(0x0000006542400000,0x0000006542500000)]
  0x00000236c374e7d0 JavaThread "jar transforms Thread 9" [_thread_blocked, id=21540, stack(0x0000006542500000,0x0000006542600000)]
  0x00000236c374d8a0 JavaThread "jar transforms Thread 10" [_thread_blocked, id=12744, stack(0x0000006542600000,0x0000006542700000)]
  0x00000236c374e2c0 JavaThread "jar transforms Thread 11" [_thread_blocked, id=15112, stack(0x0000006542700000,0x0000006542800000)]
  0x00000236c374f700 JavaThread "jar transforms Thread 12" [_thread_blocked, id=23704, stack(0x0000006542800000,0x0000006542900000)]
  0x00000236cebfca40 JavaThread "pool-3-thread-1" [_thread_blocked, id=9444, stack(0x000000653b200000,0x000000653b300000)]
  0x00000236cebfc020 JavaThread "build event listener" [_thread_blocked, id=23984, stack(0x000000653b300000,0x000000653b400000)]
  0x00000236cebff2c0 JavaThread "Cache worker for execution history cache (C:\web app\sooperbudy_restaurant\android\.gradle\8.12\executionHistory)" [_thread_blocked, id=22520, stack(0x0000006542f00000,0x0000006543000000)]
  0x00000236cec02f80 JavaThread "WorkerExecutor Queue Thread 2" [_thread_blocked, id=21848, stack(0x0000006543100000,0x0000006543200000)]
  0x00000236cec02560 JavaThread "WorkerExecutor Queue Thread 3" [_thread_blocked, id=22804, stack(0x0000006543200000,0x0000006543300000)]
  0x00000236cec001f0 JavaThread "WorkerExecutor Queue Thread 4" [_thread_blocked, id=24312, stack(0x0000006543500000,0x0000006543600000)]
  0x00000236cec03eb0 JavaThread "WorkerExecutor Queue Thread 5" [_thread_blocked, id=24376, stack(0x0000006543600000,0x0000006543700000)]
  0x00000236cec00c10 JavaThread "WorkerExecutor Queue Thread 6" [_thread_blocked, id=18080, stack(0x0000006543700000,0x0000006543800000)]
  0x00000236cec00700 JavaThread "WorkerExecutor Queue Thread 7" [_thread_blocked, id=24244, stack(0x0000006543800000,0x0000006543900000)]
  0x00000236cec06220 JavaThread "WorkerExecutor Queue Thread 10" [_thread_blocked, id=10248, stack(0x0000006543b00000,0x0000006543c00000)]
  0x00000236cec07b70 JavaThread "pool-4-thread-1" [_thread_blocked, id=4276, stack(0x0000006543e00000,0x0000006543f00000)]
  0x00000236cec08080 JavaThread "stderr" [_thread_in_native, id=13560, stack(0x0000006543f00000,0x0000006544000000)]
  0x00000236cec048d0 JavaThread "stderr" [_thread_in_native, id=20768, stack(0x0000006544000000,0x0000006544100000)]
  0x00000236cec08590 JavaThread "stdout" [_thread_in_native, id=20460, stack(0x0000006544100000,0x0000006544200000)]
  0x00000236cec04de0 JavaThread "stdout" [_thread_in_native, id=12272, stack(0x0000006544200000,0x0000006544300000)]
  0x00000236cec08aa0 JavaThread "stderr" [_thread_in_native, id=5408, stack(0x0000006544300000,0x0000006544400000)]
  0x00000236cec052f0 JavaThread "stdout" [_thread_in_native, id=19596, stack(0x0000006544400000,0x0000006544500000)]
  0x00000236cec099d0 JavaThread "stderr" [_thread_in_native, id=21344, stack(0x0000006544500000,0x0000006544600000)]
  0x00000236cec0b320 JavaThread "stdout" [_thread_in_native, id=3868, stack(0x0000006544600000,0x0000006544700000)]
  0x00000236cec08fb0 JavaThread "stderr" [_thread_in_native, id=21304, stack(0x0000006544700000,0x0000006544800000)]
  0x00000236cec0a900 JavaThread "stdout" [_thread_in_native, id=2912, stack(0x0000006544800000,0x0000006544900000)]
  0x00000236cec094c0 JavaThread "stderr" [_thread_in_native, id=10268, stack(0x0000006544900000,0x0000006544a00000)]
  0x00000236cec09ee0 JavaThread "stdout" [_thread_in_native, id=21416, stack(0x0000006544a00000,0x0000006544b00000)]
  0x00000236cec0ae10 JavaThread "stderr" [_thread_in_native, id=16260, stack(0x0000006544b00000,0x0000006544c00000)]
  0x00000236cec0a3f0 JavaThread "stdout" [_thread_in_native, id=2240, stack(0x0000006544c00000,0x0000006544d00000)]
  0x00000236cec0b830 JavaThread "stderr" [_thread_in_native, id=9960, stack(0x0000006544d00000,0x0000006544e00000)]
  0x00000236c3747d80 JavaThread "stdout" [_thread_in_native, id=23792, stack(0x0000006544e00000,0x0000006544f00000)]
  0x00000236c5b58af0 JavaThread "RMI GC Daemon" daemon [_thread_blocked, id=23120, stack(0x0000006546100000,0x0000006546200000)]
  0x00000236c8e76190 JavaThread "RMI TCP Accept-0" daemon [_thread_in_native, id=18660, stack(0x0000006546200000,0x0000006546300000)]
  0x00000236c1c56390 JavaThread "RMI Reaper" [_thread_blocked, id=22892, stack(0x0000006546300000,0x0000006546400000)]
  0x00000236c4fe0920 JavaThread "Cache worker for Java compile cache (C:\Users\anshu\.gradle\caches\8.12\javaCompile)" [_thread_blocked, id=11720, stack(0x000000653e700000,0x000000653e800000)]
  0x00000236c374ece0 JavaThread "Build operations" [_thread_blocked, id=21412, stack(0x000000653e900000,0x000000653ea00000)]
  0x00000236cf5c4730 JavaThread "Build operations Thread 2" [_thread_blocked, id=21812, stack(0x0000006543400000,0x0000006543500000)]
  0x00000236cf5c19a0 JavaThread "Build operations Thread 3" [_thread_blocked, id=2860, stack(0x0000006546500000,0x0000006546600000)]
  0x00000236cf5c32f0 JavaThread "Build operations Thread 4" [_thread_blocked, id=13452, stack(0x0000006546600000,0x0000006546700000)]
  0x00000236cf5c23c0 JavaThread "Build operations Thread 5" [_thread_blocked, id=16592, stack(0x0000006546700000,0x0000006546800000)]
  0x00000236cf5c3d10 JavaThread "Build operations Thread 6" [_thread_blocked, id=15232, stack(0x0000006546800000,0x0000006546900000)]
  0x00000236cf5c3800 JavaThread "Build operations Thread 7" [_thread_blocked, id=24280, stack(0x0000006546900000,0x0000006546a00000)]
  0x00000236cf5c28d0 JavaThread "Build operations Thread 8" [_thread_blocked, id=19664, stack(0x0000006546a00000,0x0000006546b00000)]
  0x00000236cf5c4220 JavaThread "Build operations Thread 9" [_thread_blocked, id=24008, stack(0x0000006546b00000,0x0000006546c00000)]
  0x00000236cf5c0f80 JavaThread "Build operations Thread 10" [_thread_blocked, id=19912, stack(0x0000006546c00000,0x0000006546d00000)]
  0x00000236cf5c1eb0 JavaThread "Build operations Thread 11" [_thread_blocked, id=9056, stack(0x0000006546d00000,0x0000006546e00000)]
  0x00000236cf5c5660 JavaThread "ForkJoinPool-1-worker-1" daemon [_thread_blocked, id=3960, stack(0x0000006544f00000,0x0000006545000000)]
  0x00000236cf5c8e10 JavaThread "ForkJoinPool-1-worker-2" daemon [_thread_blocked, id=4720, stack(0x0000006546e00000,0x0000006546f00000)]
  0x00000236cf5ca250 JavaThread "ForkJoinPool-1-worker-3" daemon [_thread_blocked, id=19496, stack(0x0000006546f00000,0x0000006547000000)]
  0x00000236cf5c6aa0 JavaThread "ForkJoinPool-1-worker-4" daemon [_thread_blocked, id=1536, stack(0x0000006547000000,0x0000006547100000)]
  0x00000236cf5ca760 JavaThread "ForkJoinPool-1-worker-5" daemon [_thread_blocked, id=12416, stack(0x0000006547100000,0x0000006547200000)]
  0x00000236cf5c79d0 JavaThread "ForkJoinPool-1-worker-6" daemon [_thread_blocked, id=5740, stack(0x0000006547200000,0x0000006547300000)]
  0x00000236cf5cb180 JavaThread "Periodic tasks thread" daemon [_thread_blocked, id=20784, stack(0x0000006547300000,0x0000006547400000)]
  0x00000236cf5c9830 JavaThread "ApplicationImpl pooled thread 1" [_thread_blocked, id=9020, stack(0x0000006547400000,0x0000006547500000)]
  0x00000236cf5cb690 JavaThread "Java2D Disposer" daemon [_thread_blocked, id=24420, stack(0x0000006547600000,0x0000006547700000)]
  0x00000236cf5c9d40 JavaThread "AWT-Windows" daemon [_thread_in_native, id=24180, stack(0x0000006547800000,0x0000006547900000)]
  0x00000236d1869130 JavaThread "WorkerExecutor Queue Thread 13" [_thread_blocked, id=5712, stack(0x0000006547e00000,0x0000006547f00000)]
  0x00000236d7af9c60 JavaThread "C2 CompilerThread1" daemon [_thread_blocked, id=1376, stack(0x0000006538500000,0x0000006538600000)]

Other Threads:
=>0x000002367af33b20 VMThread "VM Thread" [stack: 0x0000006536000000,0x0000006536100000] [id=2276]
  0x000002366dcfbfe0 WatcherThread [stack: 0x0000006536d00000,0x0000006536e00000] [id=8132]
  0x000002366dce6f10 GCTaskThread "GC Thread#0" [stack: 0x0000006535b00000,0x0000006535c00000] [id=5616]
  0x000002367bd5a6c0 GCTaskThread "GC Thread#1" [stack: 0x0000006536e00000,0x0000006536f00000] [id=12816]
  0x000002367bc96960 GCTaskThread "GC Thread#2" [stack: 0x0000006536f00000,0x0000006537000000] [id=23352]
  0x00000236c1c2a3c0 GCTaskThread "GC Thread#3" [stack: 0x0000006537000000,0x0000006537100000] [id=20148]
  0x00000236c19d4c20 GCTaskThread "GC Thread#4" [stack: 0x0000006537100000,0x0000006537200000] [id=16804]
  0x00000236c2cc82d0 GCTaskThread "GC Thread#5" [stack: 0x0000006537e00000,0x0000006537f00000] [id=10688]
  0x000002367bbb7d30 GCTaskThread "GC Thread#6" [stack: 0x0000006537f00000,0x0000006538000000] [id=24428]
  0x00000236c154c3f0 GCTaskThread "GC Thread#7" [stack: 0x0000006538000000,0x0000006538100000] [id=4012]
  0x00000236c2d071f0 GCTaskThread "GC Thread#8" [stack: 0x0000006538100000,0x0000006538200000] [id=11248]
  0x00000236c2748430 GCTaskThread "GC Thread#9" [stack: 0x0000006538200000,0x0000006538300000] [id=5924]
  0x000002366dcf7e60 ConcurrentGCThread "G1 Main Marker" [stack: 0x0000006535c00000,0x0000006535d00000] [id=18700]
  0x000002366dcf9540 ConcurrentGCThread "G1 Conc#0" [stack: 0x0000006535d00000,0x0000006535e00000] [id=17012]
  0x00000236c2d23a90 ConcurrentGCThread "G1 Conc#1" [stack: 0x0000006538300000,0x0000006538400000] [id=24164]
  0x00000236c2d24850 ConcurrentGCThread "G1 Conc#2" [stack: 0x0000006538400000,0x0000006538500000] [id=8532]
  0x000002366dcfecb0 ConcurrentGCThread "G1 Refine#0" [stack: 0x0000006535e00000,0x0000006535f00000] [id=18228]
  0x00000236c48f0230 ConcurrentGCThread "G1 Refine#1" [stack: 0x0000006542a00000,0x0000006542b00000] [id=23128]
  0x00000236c4779a30 ConcurrentGCThread "G1 Refine#2" [stack: 0x0000006542b00000,0x0000006542c00000] [id=16544]
  0x00000236c4f4d330 ConcurrentGCThread "G1 Refine#3" [stack: 0x0000006542c00000,0x0000006542d00000] [id=23664]
  0x00000236c338ed40 ConcurrentGCThread "G1 Refine#4" [stack: 0x0000006542d00000,0x0000006542e00000] [id=23736]
  0x00000236c88f8620 ConcurrentGCThread "G1 Refine#5" [stack: 0x0000006542e00000,0x0000006542f00000] [id=10736]
  0x00000236ce050cd0 ConcurrentGCThread "G1 Refine#6" [stack: 0x0000006547a00000,0x0000006547b00000] [id=23752]
  0x00000236c338f030 ConcurrentGCThread "G1 Refine#7" [stack: 0x0000006547b00000,0x0000006547c00000] [id=20764]
  0x00000236c8cc88f0 ConcurrentGCThread "G1 Refine#8" [stack: 0x0000006547c00000,0x0000006547d00000] [id=9028]
  0x00000236ce050fc0 ConcurrentGCThread "G1 Refine#9" [stack: 0x0000006547d00000,0x0000006547e00000] [id=12840]
  0x000002367ade3270 ConcurrentGCThread "G1 Service" [stack: 0x0000006535f00000,0x0000006536000000] [id=24036]

Threads with active compile tasks:
C2 CompilerThread0   416879 49696       4       com.android.tools.r8.internal.mS::a (227 bytes)
C1 CompilerThread0   416879 50325       3       com.android.tools.r8.ir.optimize.W::a (1506 bytes)
C2 CompilerThread1   416879 49890       4       com.android.tools.r8.internal.uA::a (329 bytes)

VM state: at safepoint (normal execution)

VM Mutex/Monitor currently owned by a thread:  ([mutex/lock_event])
[0x000002366dc354a0] Threads_lock - owner thread: 0x000002367af33b20
[0x000002366dc34c30] Heap_lock - owner thread: 0x00000236cf5c6aa0
[0x000002366dc38860] Compile_lock - owner thread: 0x00000236cf5ca250

Heap address: 0x0000000600000000, size: 8192 MB, Compressed Oops mode: Zero based, Oop shift amount: 3

CDS archive(s) mapped at: [0x000002367c000000-0x000002367cbd0000-0x000002367cbd0000), size 12386304, SharedBaseAddress: 0x000002367c000000, ArchiveRelocationMode: 1.
Compressed class space mapped at: 0x000002367d000000-0x00000236bd000000, reserved size: 1073741824
Narrow klass base: 0x000002367c000000, Narrow klass shift: 0, Narrow klass range: 0x100000000

GC Precious Log:
 CPUs: 12 total, 12 available
 Memory: 7501M
 Large Page Support: Disabled
 NUMA Support: Disabled
 Compressed Oops: Enabled (Zero based)
 Heap Region Size: 4M
 Heap Min Capacity: 8M
 Heap Initial Capacity: 120M
 Heap Max Capacity: 8G
 Pre-touch: Disabled
 Parallel Workers: 10
 Concurrent Workers: 3
 Concurrent Refinement Workers: 10
 Periodic GC: Disabled

Heap:
 garbage-first heap   total 3584000K, used 1204905K [0x0000000600000000, 0x0000000800000000)
  region size 4096K, 4 young (16384K), 4 survivors (16384K)
 Metaspace       used 265595K, committed 268352K, reserved 1310720K
  class space    used 34278K, committed 35520K, reserved 1048576K

Heap Regions: E=young(eden), S=young(survivor), O=old, HS=humongous(starts), HC=humongous(continues), CS=collection set, F=free, OA=open archive, CA=closed archive, TAMS=top-at-mark-start (previous, next)
|   0|0x0000000600000000, 0x0000000600400000, 0x0000000600400000|100%|HS|  |TAMS 0x0000000600400000, 0x0000000600000000| Complete 
|   1|0x0000000600400000, 0x0000000600800000, 0x0000000600800000|100%| O|  |TAMS 0x0000000600800000, 0x0000000600400000| Untracked 
|   2|0x0000000600800000, 0x0000000600c00000, 0x0000000600c00000|100%| O|  |TAMS 0x0000000600c00000, 0x0000000600800000| Untracked 
|   3|0x0000000600c00000, 0x0000000601000000, 0x0000000601000000|100%| O|  |TAMS 0x0000000601000000, 0x0000000600c00000| Untracked 
|   4|0x0000000601000000, 0x0000000601400000, 0x0000000601400000|100%| O|  |TAMS 0x0000000601400000, 0x0000000601000000| Untracked 
|   5|0x0000000601400000, 0x0000000601800000, 0x0000000601800000|100%| O|  |TAMS 0x0000000601800000, 0x0000000601400000| Untracked 
|   6|0x0000000601800000, 0x0000000601c00000, 0x0000000601c00000|100%| O|  |TAMS 0x0000000601c00000, 0x0000000601800000| Untracked 
|   7|0x0000000601c00000, 0x0000000602000000, 0x0000000602000000|100%| O|  |TAMS 0x0000000602000000, 0x0000000601c00000| Untracked 
|   8|0x0000000602000000, 0x0000000602400000, 0x0000000602400000|100%| O|  |TAMS 0x0000000602400000, 0x0000000602000000| Untracked 
|   9|0x0000000602400000, 0x0000000602800000, 0x0000000602800000|100%| O|  |TAMS 0x0000000602800000, 0x0000000602400000| Untracked 
|  10|0x0000000602800000, 0x0000000602c00000, 0x0000000602c00000|100%| O|  |TAMS 0x0000000602c00000, 0x0000000602800000| Untracked 
|  11|0x0000000602c00000, 0x0000000603000000, 0x0000000603000000|100%| O|  |TAMS 0x0000000603000000, 0x0000000602c00000| Untracked 
|  12|0x0000000603000000, 0x0000000603400000, 0x0000000603400000|100%| O|  |TAMS 0x0000000603400000, 0x0000000603000000| Untracked 
|  13|0x0000000603400000, 0x0000000603800000, 0x0000000603800000|100%| O|  |TAMS 0x0000000603800000, 0x0000000603400000| Untracked 
|  14|0x0000000603800000, 0x0000000603c00000, 0x0000000603c00000|100%| O|  |TAMS 0x0000000603c00000, 0x0000000603800000| Untracked 
|  15|0x0000000603c00000, 0x0000000604000000, 0x0000000604000000|100%| O|  |TAMS 0x0000000604000000, 0x0000000603c00000| Untracked 
|  16|0x0000000604000000, 0x0000000604400000, 0x0000000604400000|100%| O|  |TAMS 0x0000000604400000, 0x0000000604000000| Untracked 
|  17|0x0000000604400000, 0x0000000604800000, 0x0000000604800000|100%| O|  |TAMS 0x0000000604800000, 0x0000000604400000| Untracked 
|  18|0x0000000604800000, 0x0000000604c00000, 0x0000000604c00000|100%| O|  |TAMS 0x0000000604c00000, 0x0000000604800000| Untracked 
|  19|0x0000000604c00000, 0x0000000605000000, 0x0000000605000000|100%| O|  |TAMS 0x0000000605000000, 0x0000000604c00000| Untracked 
|  20|0x0000000605000000, 0x0000000605400000, 0x0000000605400000|100%| O|  |TAMS 0x0000000605400000, 0x0000000605000000| Untracked 
|  21|0x0000000605400000, 0x0000000605800000, 0x0000000605800000|100%| O|  |TAMS 0x0000000605800000, 0x0000000605400000| Untracked 
|  22|0x0000000605800000, 0x0000000605c00000, 0x0000000605c00000|100%| O|  |TAMS 0x0000000605c00000, 0x0000000605800000| Untracked 
|  23|0x0000000605c00000, 0x0000000606000000, 0x0000000606000000|100%| O|  |TAMS 0x0000000606000000, 0x0000000605c00000| Untracked 
|  24|0x0000000606000000, 0x0000000606400000, 0x0000000606400000|100%| O|  |TAMS 0x0000000606400000, 0x0000000606000000| Untracked 
|  25|0x0000000606400000, 0x0000000606800000, 0x0000000606800000|100%| O|  |TAMS 0x0000000606800000, 0x0000000606400000| Untracked 
|  26|0x0000000606800000, 0x0000000606c00000, 0x0000000606c00000|100%| O|  |TAMS 0x0000000606c00000, 0x0000000606800000| Untracked 
|  27|0x0000000606c00000, 0x0000000607000000, 0x0000000607000000|100%| O|  |TAMS 0x0000000607000000, 0x0000000606c00000| Untracked 
|  28|0x0000000607000000, 0x0000000607400000, 0x0000000607400000|100%| O|  |TAMS 0x0000000607400000, 0x0000000607000000| Untracked 
|  29|0x0000000607400000, 0x0000000607800000, 0x0000000607800000|100%| O|  |TAMS 0x0000000607800000, 0x0000000607400000| Untracked 
|  30|0x0000000607800000, 0x0000000607c00000, 0x0000000607c00000|100%|HS|  |TAMS 0x0000000607c00000, 0x0000000607800000| Complete 
|  31|0x0000000607c00000, 0x0000000608000000, 0x0000000608000000|100%| O|  |TAMS 0x0000000608000000, 0x0000000607c00000| Untracked 
|  32|0x0000000608000000, 0x0000000608400000, 0x0000000608400000|100%| O|  |TAMS 0x0000000608400000, 0x0000000608000000| Untracked 
|  33|0x0000000608400000, 0x0000000608800000, 0x0000000608800000|100%| O|  |TAMS 0x0000000608800000, 0x0000000608400000| Untracked 
|  34|0x0000000608800000, 0x0000000608c00000, 0x0000000608c00000|100%| O|  |TAMS 0x0000000608c00000, 0x0000000608800000| Untracked 
|  35|0x0000000608c00000, 0x0000000609000000, 0x0000000609000000|100%| O|  |TAMS 0x0000000609000000, 0x0000000608c00000| Untracked 
|  36|0x0000000609000000, 0x0000000609400000, 0x0000000609400000|100%| O|  |TAMS 0x0000000609400000, 0x0000000609000000| Untracked 
|  37|0x0000000609400000, 0x0000000609800000, 0x0000000609800000|100%| O|  |TAMS 0x0000000609800000, 0x0000000609400000| Untracked 
|  38|0x0000000609800000, 0x0000000609c00000, 0x0000000609c00000|100%| O|  |TAMS 0x0000000609c00000, 0x0000000609800000| Untracked 
|  39|0x0000000609c00000, 0x000000060a000000, 0x000000060a000000|100%| O|  |TAMS 0x000000060a000000, 0x0000000609c00000| Untracked 
|  40|0x000000060a000000, 0x000000060a400000, 0x000000060a400000|100%| O|  |TAMS 0x000000060a400000, 0x000000060a000000| Untracked 
|  41|0x000000060a400000, 0x000000060a800000, 0x000000060a800000|100%| O|  |TAMS 0x000000060a800000, 0x000000060a400000| Untracked 
|  42|0x000000060a800000, 0x000000060ac00000, 0x000000060ac00000|100%| O|  |TAMS 0x000000060ac00000, 0x000000060a800000| Untracked 
|  43|0x000000060ac00000, 0x000000060b000000, 0x000000060b000000|100%| O|  |TAMS 0x000000060b000000, 0x000000060ac00000| Untracked 
|  44|0x000000060b000000, 0x000000060b400000, 0x000000060b400000|100%| O|  |TAMS 0x000000060b400000, 0x000000060b000000| Untracked 
|  45|0x000000060b400000, 0x000000060b800000, 0x000000060b800000|100%| O|  |TAMS 0x000000060b800000, 0x000000060b400000| Untracked 
|  46|0x000000060b800000, 0x000000060bc00000, 0x000000060bc00000|100%| O|  |TAMS 0x000000060bc00000, 0x000000060b800000| Untracked 
|  47|0x000000060bc00000, 0x000000060c000000, 0x000000060c000000|100%| O|  |TAMS 0x000000060c000000, 0x000000060bc00000| Untracked 
|  48|0x000000060c000000, 0x000000060c400000, 0x000000060c400000|100%| O|  |TAMS 0x000000060c400000, 0x000000060c000000| Untracked 
|  49|0x000000060c400000, 0x000000060c800000, 0x000000060c800000|100%| O|  |TAMS 0x000000060c800000, 0x000000060c400000| Untracked 
|  50|0x000000060c800000, 0x000000060cc00000, 0x000000060cc00000|100%| O|  |TAMS 0x000000060cc00000, 0x000000060c800000| Untracked 
|  51|0x000000060cc00000, 0x000000060d000000, 0x000000060d000000|100%| O|  |TAMS 0x000000060d000000, 0x000000060cc00000| Untracked 
|  52|0x000000060d000000, 0x000000060d400000, 0x000000060d400000|100%| O|  |TAMS 0x000000060d400000, 0x000000060d000000| Untracked 
|  53|0x000000060d400000, 0x000000060d800000, 0x000000060d800000|100%| O|  |TAMS 0x000000060d800000, 0x000000060d400000| Untracked 
|  54|0x000000060d800000, 0x000000060dc00000, 0x000000060dc00000|100%| O|  |TAMS 0x000000060dc00000, 0x000000060d800000| Untracked 
|  55|0x000000060dc00000, 0x000000060e000000, 0x000000060e000000|100%| O|  |TAMS 0x000000060e000000, 0x000000060dc00000| Untracked 
|  56|0x000000060e000000, 0x000000060e400000, 0x000000060e400000|100%| O|  |TAMS 0x000000060e400000, 0x000000060e000000| Untracked 
|  57|0x000000060e400000, 0x000000060e800000, 0x000000060e800000|100%| O|  |TAMS 0x000000060e800000, 0x000000060e400000| Untracked 
|  58|0x000000060e800000, 0x000000060ec00000, 0x000000060ec00000|100%| O|  |TAMS 0x000000060ec00000, 0x000000060e800000| Untracked 
|  59|0x000000060ec00000, 0x000000060f000000, 0x000000060f000000|100%| O|  |TAMS 0x000000060f000000, 0x000000060ec00000| Untracked 
|  60|0x000000060f000000, 0x000000060f400000, 0x000000060f400000|100%| O|  |TAMS 0x000000060f400000, 0x000000060f000000| Untracked 
|  61|0x000000060f400000, 0x000000060f800000, 0x000000060f800000|100%| O|  |TAMS 0x000000060f800000, 0x000000060f400000| Untracked 
|  62|0x000000060f800000, 0x000000060fc00000, 0x000000060fc00000|100%| O|  |TAMS 0x000000060fc00000, 0x000000060f800000| Untracked 
|  63|0x000000060fc00000, 0x0000000610000000, 0x0000000610000000|100%| O|  |TAMS 0x0000000610000000, 0x000000060fc00000| Untracked 
|  64|0x0000000610000000, 0x0000000610400000, 0x0000000610400000|100%| O|  |TAMS 0x0000000610400000, 0x0000000610000000| Untracked 
|  65|0x0000000610400000, 0x0000000610800000, 0x0000000610800000|100%| O|  |TAMS 0x0000000610800000, 0x0000000610400000| Untracked 
|  66|0x0000000610800000, 0x0000000610c00000, 0x0000000610c00000|100%| O|  |TAMS 0x0000000610c00000, 0x0000000610800000| Untracked 
|  67|0x0000000610c00000, 0x0000000611000000, 0x0000000611000000|100%| O|  |TAMS 0x0000000611000000, 0x0000000610c00000| Untracked 
|  68|0x0000000611000000, 0x0000000611400000, 0x0000000611400000|100%| O|  |TAMS 0x0000000611400000, 0x0000000611000000| Untracked 
|  69|0x0000000611400000, 0x0000000611800000, 0x0000000611800000|100%| O|  |TAMS 0x0000000611800000, 0x0000000611400000| Untracked 
|  70|0x0000000611800000, 0x0000000611c00000, 0x0000000611c00000|100%| O|  |TAMS 0x0000000611c00000, 0x0000000611800000| Untracked 
|  71|0x0000000611c00000, 0x0000000612000000, 0x0000000612000000|100%| O|  |TAMS 0x0000000612000000, 0x0000000611c00000| Untracked 
|  72|0x0000000612000000, 0x0000000612400000, 0x0000000612400000|100%| O|  |TAMS 0x0000000612400000, 0x0000000612000000| Untracked 
|  73|0x0000000612400000, 0x0000000612800000, 0x0000000612800000|100%| O|  |TAMS 0x0000000612800000, 0x0000000612400000| Untracked 
|  74|0x0000000612800000, 0x0000000612c00000, 0x0000000612c00000|100%| O|  |TAMS 0x0000000612c00000, 0x0000000612800000| Untracked 
|  75|0x0000000612c00000, 0x0000000613000000, 0x0000000613000000|100%| O|  |TAMS 0x0000000612c00000, 0x0000000612c00000| Untracked 
|  76|0x0000000613000000, 0x0000000613400000, 0x0000000613400000|100%|HS|  |TAMS 0x0000000613400000, 0x0000000613000000| Complete 
|  77|0x0000000613400000, 0x0000000613800000, 0x0000000613800000|100%| O|  |TAMS 0x0000000613400000, 0x0000000613400000| Untracked 
|  78|0x0000000613800000, 0x0000000613c00000, 0x0000000613c00000|100%| O|  |TAMS 0x0000000613c00000, 0x0000000613800000| Untracked 
|  79|0x0000000613c00000, 0x0000000614000000, 0x0000000614000000|100%| O|  |TAMS 0x0000000614000000, 0x0000000613c00000| Untracked 
|  80|0x0000000614000000, 0x0000000614400000, 0x0000000614400000|100%| O|  |TAMS 0x0000000614400000, 0x0000000614000000| Untracked 
|  81|0x0000000614400000, 0x0000000614800000, 0x0000000614800000|100%| O|  |TAMS 0x0000000614800000, 0x0000000614400000| Untracked 
|  82|0x0000000614800000, 0x0000000614c00000, 0x0000000614c00000|100%| O|  |TAMS 0x0000000614c00000, 0x0000000614800000| Untracked 
|  83|0x0000000614c00000, 0x0000000615000000, 0x0000000615000000|100%| O|  |TAMS 0x0000000615000000, 0x0000000614c00000| Untracked 
|  84|0x0000000615000000, 0x0000000615400000, 0x0000000615400000|100%| O|  |TAMS 0x0000000615400000, 0x0000000615000000| Untracked 
|  85|0x0000000615400000, 0x0000000615800000, 0x0000000615800000|100%| O|  |TAMS 0x0000000615800000, 0x0000000615400000| Untracked 
|  86|0x0000000615800000, 0x0000000615c00000, 0x0000000615c00000|100%| O|  |TAMS 0x0000000615c00000, 0x0000000615800000| Untracked 
|  87|0x0000000615c00000, 0x0000000616000000, 0x0000000616000000|100%| O|  |TAMS 0x0000000616000000, 0x0000000615c00000| Untracked 
|  88|0x0000000616000000, 0x0000000616400000, 0x0000000616400000|100%| O|  |TAMS 0x0000000616400000, 0x0000000616000000| Untracked 
|  89|0x0000000616400000, 0x0000000616800000, 0x0000000616800000|100%| O|  |TAMS 0x0000000616800000, 0x0000000616400000| Untracked 
|  90|0x0000000616800000, 0x0000000616c00000, 0x0000000616c00000|100%| O|  |TAMS 0x0000000616c00000, 0x0000000616800000| Untracked 
|  91|0x0000000616c00000, 0x0000000617000000, 0x0000000617000000|100%| O|  |TAMS 0x0000000617000000, 0x0000000616c00000| Untracked 
|  92|0x0000000617000000, 0x0000000617400000, 0x0000000617400000|100%| O|  |TAMS 0x0000000617400000, 0x0000000617000000| Untracked 
|  93|0x0000000617400000, 0x0000000617800000, 0x0000000617800000|100%|HS|  |TAMS 0x0000000617800000, 0x0000000617400000| Complete 
|  94|0x0000000617800000, 0x0000000617c00000, 0x0000000617c00000|100%|HS|  |TAMS 0x0000000617c00000, 0x0000000617800000| Complete 
|  95|0x0000000617c00000, 0x0000000618000000, 0x0000000618000000|100%| O|  |TAMS 0x0000000618000000, 0x0000000617c00000| Untracked 
|  96|0x0000000618000000, 0x0000000618400000, 0x0000000618400000|100%| O|  |TAMS 0x0000000618400000, 0x0000000618000000| Untracked 
|  97|0x0000000618400000, 0x0000000618800000, 0x0000000618800000|100%| O|  |TAMS 0x0000000618800000, 0x0000000618400000| Untracked 
|  98|0x0000000618800000, 0x0000000618c00000, 0x0000000618c00000|100%| O|  |TAMS 0x0000000618c00000, 0x0000000618800000| Untracked 
|  99|0x0000000618c00000, 0x0000000619000000, 0x0000000619000000|100%| O|  |TAMS 0x0000000619000000, 0x0000000618c00000| Untracked 
| 100|0x0000000619000000, 0x0000000619400000, 0x0000000619400000|100%| O|  |TAMS 0x0000000619400000, 0x0000000619000000| Untracked 
| 101|0x0000000619400000, 0x0000000619800000, 0x0000000619800000|100%| O|  |TAMS 0x0000000619800000, 0x0000000619400000| Untracked 
| 102|0x0000000619800000, 0x0000000619c00000, 0x0000000619c00000|100%| O|  |TAMS 0x0000000619c00000, 0x0000000619800000| Untracked 
| 103|0x0000000619c00000, 0x000000061a000000, 0x000000061a000000|100%| O|  |TAMS 0x000000061a000000, 0x0000000619c00000| Untracked 
| 104|0x000000061a000000, 0x000000061a400000, 0x000000061a400000|100%| O|  |TAMS 0x000000061a400000, 0x000000061a000000| Untracked 
| 105|0x000000061a400000, 0x000000061a800000, 0x000000061a800000|100%| O|  |TAMS 0x000000061a800000, 0x000000061a400000| Untracked 
| 106|0x000000061a800000, 0x000000061ac00000, 0x000000061ac00000|100%| O|  |TAMS 0x000000061ac00000, 0x000000061a800000| Untracked 
| 107|0x000000061ac00000, 0x000000061b000000, 0x000000061b000000|100%| O|  |TAMS 0x000000061b000000, 0x000000061ac00000| Untracked 
| 108|0x000000061b000000, 0x000000061b400000, 0x000000061b400000|100%| O|  |TAMS 0x000000061b400000, 0x000000061b000000| Untracked 
| 109|0x000000061b400000, 0x000000061b800000, 0x000000061b800000|100%| O|  |TAMS 0x000000061b800000, 0x000000061b400000| Untracked 
| 110|0x000000061b800000, 0x000000061bc00000, 0x000000061bc00000|100%| O|  |TAMS 0x000000061bc00000, 0x000000061b800000| Untracked 
| 111|0x000000061bc00000, 0x000000061c000000, 0x000000061c000000|100%| O|  |TAMS 0x000000061c000000, 0x000000061bc00000| Untracked 
| 112|0x000000061c000000, 0x000000061c400000, 0x000000061c400000|100%| O|  |TAMS 0x000000061c400000, 0x000000061c000000| Untracked 
| 113|0x000000061c400000, 0x000000061c800000, 0x000000061c800000|100%| O|  |TAMS 0x000000061c800000, 0x000000061c400000| Untracked 
| 114|0x000000061c800000, 0x000000061cc00000, 0x000000061cc00000|100%| O|  |TAMS 0x000000061cc00000, 0x000000061c800000| Untracked 
| 115|0x000000061cc00000, 0x000000061d000000, 0x000000061d000000|100%| O|  |TAMS 0x000000061d000000, 0x000000061cc00000| Untracked 
| 116|0x000000061d000000, 0x000000061d400000, 0x000000061d400000|100%| O|  |TAMS 0x000000061d400000, 0x000000061d000000| Untracked 
| 117|0x000000061d400000, 0x000000061d800000, 0x000000061d800000|100%| O|  |TAMS 0x000000061d800000, 0x000000061d400000| Untracked 
| 118|0x000000061d800000, 0x000000061dc00000, 0x000000061dc00000|100%| O|  |TAMS 0x000000061dc00000, 0x000000061d800000| Untracked 
| 119|0x000000061dc00000, 0x000000061e000000, 0x000000061e000000|100%| O|  |TAMS 0x000000061e000000, 0x000000061dc00000| Untracked 
| 120|0x000000061e000000, 0x000000061e400000, 0x000000061e400000|100%| O|  |TAMS 0x000000061e400000, 0x000000061e000000| Untracked 
| 121|0x000000061e400000, 0x000000061e800000, 0x000000061e800000|100%| O|  |TAMS 0x000000061e800000, 0x000000061e400000| Untracked 
| 122|0x000000061e800000, 0x000000061ec00000, 0x000000061ec00000|100%| O|  |TAMS 0x000000061ec00000, 0x000000061e800000| Untracked 
| 123|0x000000061ec00000, 0x000000061f000000, 0x000000061f000000|100%| O|  |TAMS 0x000000061f000000, 0x000000061ec00000| Untracked 
| 124|0x000000061f000000, 0x000000061f400000, 0x000000061f400000|100%| O|  |TAMS 0x000000061f400000, 0x000000061f000000| Untracked 
| 125|0x000000061f400000, 0x000000061f800000, 0x000000061f800000|100%| O|  |TAMS 0x000000061f800000, 0x000000061f400000| Untracked 
| 126|0x000000061f800000, 0x000000061fc00000, 0x000000061fc00000|100%| O|  |TAMS 0x000000061fc00000, 0x000000061f800000| Untracked 
| 127|0x000000061fc00000, 0x0000000620000000, 0x0000000620000000|100%| O|  |TAMS 0x0000000620000000, 0x000000061fc00000| Untracked 
| 128|0x0000000620000000, 0x0000000620400000, 0x0000000620400000|100%| O|  |TAMS 0x0000000620400000, 0x0000000620000000| Untracked 
| 129|0x0000000620400000, 0x0000000620800000, 0x0000000620800000|100%| O|  |TAMS 0x0000000620800000, 0x0000000620400000| Untracked 
| 130|0x0000000620800000, 0x0000000620c00000, 0x0000000620c00000|100%| O|  |TAMS 0x0000000620c00000, 0x0000000620800000| Untracked 
| 131|0x0000000620c00000, 0x0000000621000000, 0x0000000621000000|100%| O|  |TAMS 0x0000000621000000, 0x0000000620c00000| Untracked 
| 132|0x0000000621000000, 0x0000000621400000, 0x0000000621400000|100%| O|  |TAMS 0x0000000621400000, 0x0000000621000000| Untracked 
| 133|0x0000000621400000, 0x0000000621800000, 0x0000000621800000|100%| O|  |TAMS 0x0000000621800000, 0x0000000621400000| Untracked 
| 134|0x0000000621800000, 0x0000000621c00000, 0x0000000621c00000|100%| O|  |TAMS 0x0000000621c00000, 0x0000000621800000| Untracked 
| 135|0x0000000621c00000, 0x0000000622000000, 0x0000000622000000|100%| O|  |TAMS 0x0000000622000000, 0x0000000621c00000| Untracked 
| 136|0x0000000622000000, 0x0000000622400000, 0x0000000622400000|100%| O|  |TAMS 0x0000000622400000, 0x0000000622000000| Untracked 
| 137|0x0000000622400000, 0x0000000622800000, 0x0000000622800000|100%| O|  |TAMS 0x0000000622800000, 0x0000000622400000| Untracked 
| 138|0x0000000622800000, 0x0000000622c00000, 0x0000000622c00000|100%| O|  |TAMS 0x0000000622c00000, 0x0000000622800000| Untracked 
| 139|0x0000000622c00000, 0x0000000623000000, 0x0000000623000000|100%| O|  |TAMS 0x0000000623000000, 0x0000000622c00000| Untracked 
| 140|0x0000000623000000, 0x0000000623400000, 0x0000000623400000|100%| O|  |TAMS 0x0000000623400000, 0x0000000623000000| Untracked 
| 141|0x0000000623400000, 0x0000000623800000, 0x0000000623800000|100%| O|  |TAMS 0x0000000623800000, 0x0000000623400000| Untracked 
| 142|0x0000000623800000, 0x0000000623c00000, 0x0000000623c00000|100%| O|  |TAMS 0x0000000623c00000, 0x0000000623800000| Untracked 
| 143|0x0000000623c00000, 0x0000000624000000, 0x0000000624000000|100%| O|  |TAMS 0x0000000624000000, 0x0000000623c00000| Untracked 
| 144|0x0000000624000000, 0x0000000624400000, 0x0000000624400000|100%| O|  |TAMS 0x0000000624400000, 0x0000000624000000| Untracked 
| 145|0x0000000624400000, 0x0000000624800000, 0x0000000624800000|100%| O|  |TAMS 0x0000000624800000, 0x0000000624400000| Untracked 
| 146|0x0000000624800000, 0x0000000624c00000, 0x0000000624c00000|100%| O|  |TAMS 0x0000000624c00000, 0x0000000624800000| Untracked 
| 147|0x0000000624c00000, 0x0000000625000000, 0x0000000625000000|100%| O|  |TAMS 0x0000000625000000, 0x0000000624c00000| Untracked 
| 148|0x0000000625000000, 0x0000000625400000, 0x0000000625400000|100%| O|  |TAMS 0x0000000625400000, 0x0000000625000000| Untracked 
| 149|0x0000000625400000, 0x0000000625800000, 0x0000000625800000|100%| O|  |TAMS 0x0000000625800000, 0x0000000625400000| Untracked 
| 150|0x0000000625800000, 0x0000000625c00000, 0x0000000625c00000|100%| O|  |TAMS 0x0000000625c00000, 0x0000000625800000| Untracked 
| 151|0x0000000625c00000, 0x0000000626000000, 0x0000000626000000|100%| O|  |TAMS 0x0000000626000000, 0x0000000625c00000| Untracked 
| 152|0x0000000626000000, 0x0000000626400000, 0x0000000626400000|100%| O|  |TAMS 0x0000000626400000, 0x0000000626000000| Untracked 
| 153|0x0000000626400000, 0x0000000626800000, 0x0000000626800000|100%| O|  |TAMS 0x0000000626800000, 0x0000000626400000| Untracked 
| 154|0x0000000626800000, 0x0000000626c00000, 0x0000000626c00000|100%| O|  |TAMS 0x0000000626800000, 0x0000000626800000| Untracked 
| 155|0x0000000626c00000, 0x0000000627000000, 0x0000000627000000|100%|HS|  |TAMS 0x0000000627000000, 0x0000000626c00000| Complete 
| 156|0x0000000627000000, 0x0000000627400000, 0x0000000627400000|100%|HC|  |TAMS 0x0000000627400000, 0x0000000627000000| Complete 
| 157|0x0000000627400000, 0x0000000627800000, 0x0000000627800000|100%| O|  |TAMS 0x0000000627400000, 0x0000000627400000| Untracked 
| 158|0x0000000627800000, 0x0000000627c00000, 0x0000000627c00000|100%| O|  |TAMS 0x0000000627800000, 0x0000000627800000| Untracked 
| 159|0x0000000627c00000, 0x0000000628000000, 0x0000000628000000|100%| O|  |TAMS 0x0000000627c00000, 0x0000000627c00000| Untracked 
| 160|0x0000000628000000, 0x0000000628400000, 0x0000000628400000|100%| O|  |TAMS 0x0000000628000000, 0x0000000628000000| Untracked 
| 161|0x0000000628400000, 0x0000000628800000, 0x0000000628800000|100%| O|  |TAMS 0x0000000628400000, 0x0000000628400000| Untracked 
| 162|0x0000000628800000, 0x0000000628c00000, 0x0000000628c00000|100%| O|  |TAMS 0x0000000628800000, 0x0000000628800000| Untracked 
| 163|0x0000000628c00000, 0x0000000629000000, 0x0000000629000000|100%| O|  |TAMS 0x0000000628c00000, 0x0000000628c00000| Untracked 
| 164|0x0000000629000000, 0x0000000629217400, 0x0000000629400000| 52%| O|  |TAMS 0x0000000629000000, 0x0000000629000000| Untracked 
| 165|0x0000000629400000, 0x0000000629400000, 0x0000000629800000|  0%| F|  |TAMS 0x0000000629400000, 0x0000000629400000| Untracked 
| 166|0x0000000629800000, 0x0000000629800000, 0x0000000629c00000|  0%| F|  |TAMS 0x0000000629800000, 0x0000000629800000| Untracked 
| 167|0x0000000629c00000, 0x0000000629c00000, 0x000000062a000000|  0%| F|  |TAMS 0x0000000629c00000, 0x0000000629c00000| Untracked 
| 168|0x000000062a000000, 0x000000062a000000, 0x000000062a400000|  0%| F|  |TAMS 0x000000062a000000, 0x000000062a000000| Untracked 
| 169|0x000000062a400000, 0x000000062a400000, 0x000000062a800000|  0%| F|  |TAMS 0x000000062a400000, 0x000000062a400000| Untracked 
| 170|0x000000062a800000, 0x000000062a800000, 0x000000062ac00000|  0%| F|  |TAMS 0x000000062a800000, 0x000000062a800000| Untracked 
| 171|0x000000062ac00000, 0x000000062ac00000, 0x000000062b000000|  0%| F|  |TAMS 0x000000062ac00000, 0x000000062ac00000| Untracked 
| 172|0x000000062b000000, 0x000000062b000000, 0x000000062b400000|  0%| F|  |TAMS 0x000000062b000000, 0x000000062b000000| Untracked 
| 173|0x000000062b400000, 0x000000062b400000, 0x000000062b800000|  0%| F|  |TAMS 0x000000062b400000, 0x000000062b400000| Untracked 
| 174|0x000000062b800000, 0x000000062b800000, 0x000000062bc00000|  0%| F|  |TAMS 0x000000062b800000, 0x000000062b800000| Untracked 
| 175|0x000000062bc00000, 0x000000062bc00000, 0x000000062c000000|  0%| F|  |TAMS 0x000000062bc00000, 0x000000062bc00000| Untracked 
| 176|0x000000062c000000, 0x000000062c000000, 0x000000062c400000|  0%| F|  |TAMS 0x000000062c000000, 0x000000062c000000| Untracked 
| 177|0x000000062c400000, 0x000000062c800000, 0x000000062c800000|100%| O|  |TAMS 0x000000062c400000, 0x000000062c400000| Untracked 
| 178|0x000000062c800000, 0x000000062c800000, 0x000000062cc00000|  0%| F|  |TAMS 0x000000062c800000, 0x000000062c800000| Untracked 
| 179|0x000000062cc00000, 0x000000062cc00000, 0x000000062d000000|  0%| F|  |TAMS 0x000000062cc00000, 0x000000062cc00000| Untracked 
| 180|0x000000062d000000, 0x000000062d000000, 0x000000062d400000|  0%| F|  |TAMS 0x000000062d000000, 0x000000062d000000| Untracked 
| 181|0x000000062d400000, 0x000000062d400000, 0x000000062d800000|  0%| F|  |TAMS 0x000000062d400000, 0x000000062d400000| Untracked 
| 182|0x000000062d800000, 0x000000062dc00000, 0x000000062dc00000|100%|HS|  |TAMS 0x000000062dc00000, 0x000000062d800000| Complete 
| 183|0x000000062dc00000, 0x000000062dc00000, 0x000000062e000000|  0%| F|  |TAMS 0x000000062dc00000, 0x000000062dc00000| Untracked 
| 184|0x000000062e000000, 0x000000062e000000, 0x000000062e400000|  0%| F|  |TAMS 0x000000062e000000, 0x000000062e000000| Untracked 
| 185|0x000000062e400000, 0x000000062e400000, 0x000000062e800000|  0%| F|  |TAMS 0x000000062e400000, 0x000000062e400000| Untracked 
| 186|0x000000062e800000, 0x000000062ec00000, 0x000000062ec00000|100%| O|  |TAMS 0x000000062e800000, 0x000000062e800000| Untracked 
| 187|0x000000062ec00000, 0x000000062ec00000, 0x000000062f000000|  0%| F|  |TAMS 0x000000062ec00000, 0x000000062ec00000| Untracked 
| 188|0x000000062f000000, 0x000000062f000000, 0x000000062f400000|  0%| F|  |TAMS 0x000000062f000000, 0x000000062f000000| Untracked 
| 189|0x000000062f400000, 0x000000062f400000, 0x000000062f800000|  0%| F|  |TAMS 0x000000062f400000, 0x000000062f400000| Untracked 
| 190|0x000000062f800000, 0x000000062f800000, 0x000000062fc00000|  0%| F|  |TAMS 0x000000062f800000, 0x000000062f800000| Untracked 
| 191|0x000000062fc00000, 0x0000000630000000, 0x0000000630000000|100%| O|  |TAMS 0x000000062fc00000, 0x000000062fc00000| Untracked 
| 192|0x0000000630000000, 0x0000000630400000, 0x0000000630400000|100%| O|  |TAMS 0x0000000630000000, 0x0000000630000000| Untracked 
| 193|0x0000000630400000, 0x0000000630800000, 0x0000000630800000|100%|HS|  |TAMS 0x0000000630800000, 0x0000000630400000| Complete 
| 194|0x0000000630800000, 0x0000000630c00000, 0x0000000630c00000|100%| O|  |TAMS 0x0000000630c00000, 0x0000000630800000| Untracked 
| 195|0x0000000630c00000, 0x0000000631000000, 0x0000000631000000|100%| O|  |TAMS 0x0000000631000000, 0x0000000630c00000| Untracked 
| 196|0x0000000631000000, 0x0000000631000000, 0x0000000631400000|  0%| F|  |TAMS 0x0000000631000000, 0x0000000631000000| Untracked 
| 197|0x0000000631400000, 0x0000000631400000, 0x0000000631800000|  0%| F|  |TAMS 0x0000000631400000, 0x0000000631400000| Untracked 
| 198|0x0000000631800000, 0x0000000631c00000, 0x0000000631c00000|100%| O|  |TAMS 0x0000000631c00000, 0x0000000631800000| Untracked 
| 199|0x0000000631c00000, 0x0000000631c00000, 0x0000000632000000|  0%| F|  |TAMS 0x0000000631c00000, 0x0000000631c00000| Untracked 
| 200|0x0000000632000000, 0x0000000632000000, 0x0000000632400000|  0%| F|  |TAMS 0x0000000632000000, 0x0000000632000000| Untracked 
| 201|0x0000000632400000, 0x0000000632400000, 0x0000000632800000|  0%| F|  |TAMS 0x0000000632400000, 0x0000000632400000| Untracked 
| 202|0x0000000632800000, 0x0000000632800000, 0x0000000632c00000|  0%| F|  |TAMS 0x0000000632800000, 0x0000000632800000| Untracked 
| 203|0x0000000632c00000, 0x0000000633000000, 0x0000000633000000|100%| O|  |TAMS 0x0000000633000000, 0x0000000632c00000| Untracked 
| 204|0x0000000633000000, 0x0000000633400000, 0x0000000633400000|100%| O|  |TAMS 0x0000000633000000, 0x0000000633000000| Untracked 
| 205|0x0000000633400000, 0x0000000633800000, 0x0000000633800000|100%| O|  |TAMS 0x0000000633400000, 0x0000000633400000| Untracked 
| 206|0x0000000633800000, 0x0000000633c00000, 0x0000000633c00000|100%| O|  |TAMS 0x0000000633c00000, 0x0000000633800000| Untracked 
| 207|0x0000000633c00000, 0x0000000633c00000, 0x0000000634000000|  0%| F|  |TAMS 0x0000000633c00000, 0x0000000633c00000| Untracked 
| 208|0x0000000634000000, 0x0000000634000000, 0x0000000634400000|  0%| F|  |TAMS 0x0000000634000000, 0x0000000634000000| Untracked 
| 209|0x0000000634400000, 0x0000000634400000, 0x0000000634800000|  0%| F|  |TAMS 0x0000000634400000, 0x0000000634400000| Untracked 
| 210|0x0000000634800000, 0x0000000634800000, 0x0000000634c00000|  0%| F|  |TAMS 0x0000000634800000, 0x0000000634800000| Untracked 
| 211|0x0000000634c00000, 0x0000000634c00000, 0x0000000635000000|  0%| F|  |TAMS 0x0000000634c00000, 0x0000000634c00000| Untracked 
| 212|0x0000000635000000, 0x0000000635000000, 0x0000000635400000|  0%| F|  |TAMS 0x0000000635000000, 0x0000000635000000| Untracked 
| 213|0x0000000635400000, 0x0000000635400000, 0x0000000635800000|  0%| F|  |TAMS 0x0000000635400000, 0x0000000635400000| Untracked 
| 214|0x0000000635800000, 0x0000000635800000, 0x0000000635c00000|  0%| F|  |TAMS 0x0000000635800000, 0x0000000635800000| Untracked 
| 215|0x0000000635c00000, 0x0000000635c00000, 0x0000000636000000|  0%| F|  |TAMS 0x0000000635c00000, 0x0000000635c00000| Untracked 
| 216|0x0000000636000000, 0x0000000636400000, 0x0000000636400000|100%| O|  |TAMS 0x0000000636400000, 0x0000000636000000| Untracked 
| 217|0x0000000636400000, 0x0000000636800000, 0x0000000636800000|100%| O|  |TAMS 0x0000000636800000, 0x0000000636400000| Untracked 
| 218|0x0000000636800000, 0x0000000636c00000, 0x0000000636c00000|100%| O|  |TAMS 0x0000000636c00000, 0x0000000636800000| Untracked 
| 219|0x0000000636c00000, 0x0000000637000000, 0x0000000637000000|100%| O|  |TAMS 0x0000000637000000, 0x0000000636c00000| Untracked 
| 220|0x0000000637000000, 0x0000000637400000, 0x0000000637400000|100%| O|  |TAMS 0x0000000637400000, 0x0000000637000000| Untracked 
| 221|0x0000000637400000, 0x0000000637400000, 0x0000000637800000|  0%| F|  |TAMS 0x0000000637400000, 0x0000000637400000| Untracked 
| 222|0x0000000637800000, 0x0000000637800000, 0x0000000637c00000|  0%| F|  |TAMS 0x0000000637800000, 0x0000000637800000| Untracked 
| 223|0x0000000637c00000, 0x0000000637c00000, 0x0000000638000000|  0%| F|  |TAMS 0x0000000637c00000, 0x0000000637c00000| Untracked 
| 224|0x0000000638000000, 0x0000000638000000, 0x0000000638400000|  0%| F|  |TAMS 0x0000000638000000, 0x0000000638000000| Untracked 
| 225|0x0000000638400000, 0x0000000638400000, 0x0000000638800000|  0%| F|  |TAMS 0x0000000638400000, 0x0000000638400000| Untracked 
| 226|0x0000000638800000, 0x0000000638800000, 0x0000000638c00000|  0%| F|  |TAMS 0x0000000638800000, 0x0000000638800000| Untracked 
| 227|0x0000000638c00000, 0x0000000638c00000, 0x0000000639000000|  0%| F|  |TAMS 0x0000000638c00000, 0x0000000638c00000| Untracked 
| 228|0x0000000639000000, 0x0000000639000000, 0x0000000639400000|  0%| F|  |TAMS 0x0000000639000000, 0x0000000639000000| Untracked 
| 229|0x0000000639400000, 0x0000000639400000, 0x0000000639800000|  0%| F|  |TAMS 0x0000000639400000, 0x0000000639400000| Untracked 
| 230|0x0000000639800000, 0x0000000639800000, 0x0000000639c00000|  0%| F|  |TAMS 0x0000000639800000, 0x0000000639800000| Untracked 
| 231|0x0000000639c00000, 0x000000063a000000, 0x000000063a000000|100%| O|  |TAMS 0x000000063a000000, 0x0000000639c00000| Untracked 
| 232|0x000000063a000000, 0x000000063a000000, 0x000000063a400000|  0%| F|  |TAMS 0x000000063a000000, 0x000000063a000000| Untracked 
| 233|0x000000063a400000, 0x000000063a400000, 0x000000063a800000|  0%| F|  |TAMS 0x000000063a400000, 0x000000063a400000| Untracked 
| 234|0x000000063a800000, 0x000000063a800000, 0x000000063ac00000|  0%| F|  |TAMS 0x000000063a800000, 0x000000063a800000| Untracked 
| 235|0x000000063ac00000, 0x000000063b000000, 0x000000063b000000|100%| O|  |TAMS 0x000000063b000000, 0x000000063ac00000| Untracked 
| 236|0x000000063b000000, 0x000000063b400000, 0x000000063b400000|100%| O|  |TAMS 0x000000063b400000, 0x000000063b000000| Untracked 
| 237|0x000000063b400000, 0x000000063b400000, 0x000000063b800000|  0%| F|  |TAMS 0x000000063b400000, 0x000000063b400000| Untracked 
| 238|0x000000063b800000, 0x000000063b800000, 0x000000063bc00000|  0%| F|  |TAMS 0x000000063b800000, 0x000000063b800000| Untracked 
| 239|0x000000063bc00000, 0x000000063bc00000, 0x000000063c000000|  0%| F|  |TAMS 0x000000063bc00000, 0x000000063bc00000| Untracked 
| 240|0x000000063c000000, 0x000000063c000000, 0x000000063c400000|  0%| F|  |TAMS 0x000000063c000000, 0x000000063c000000| Untracked 
| 241|0x000000063c400000, 0x000000063c400000, 0x000000063c800000|  0%| F|  |TAMS 0x000000063c400000, 0x000000063c400000| Untracked 
| 242|0x000000063c800000, 0x000000063c800000, 0x000000063cc00000|  0%| F|  |TAMS 0x000000063c800000, 0x000000063c800000| Untracked 
| 243|0x000000063cc00000, 0x000000063cc00000, 0x000000063d000000|  0%| F|  |TAMS 0x000000063cc00000, 0x000000063cc00000| Untracked 
| 244|0x000000063d000000, 0x000000063d000000, 0x000000063d400000|  0%| F|  |TAMS 0x000000063d000000, 0x000000063d000000| Untracked 
| 245|0x000000063d400000, 0x000000063d400000, 0x000000063d800000|  0%| F|  |TAMS 0x000000063d400000, 0x000000063d400000| Untracked 
| 246|0x000000063d800000, 0x000000063d800000, 0x000000063dc00000|  0%| F|  |TAMS 0x000000063d800000, 0x000000063d800000| Untracked 
| 247|0x000000063dc00000, 0x000000063dc00000, 0x000000063e000000|  0%| F|  |TAMS 0x000000063dc00000, 0x000000063dc00000| Untracked 
| 248|0x000000063e000000, 0x000000063e400000, 0x000000063e400000|100%| O|  |TAMS 0x000000063e400000, 0x000000063e000000| Untracked 
| 249|0x000000063e400000, 0x000000063e800000, 0x000000063e800000|100%| O|  |TAMS 0x000000063e800000, 0x000000063e400000| Untracked 
| 250|0x000000063e800000, 0x000000063ec00000, 0x000000063ec00000|100%| O|  |TAMS 0x000000063ec00000, 0x000000063e800000| Untracked 
| 251|0x000000063ec00000, 0x000000063f000000, 0x000000063f000000|100%| O|  |TAMS 0x000000063f000000, 0x000000063ec00000| Untracked 
| 252|0x000000063f000000, 0x000000063f400000, 0x000000063f400000|100%| O|  |TAMS 0x000000063f400000, 0x000000063f000000| Untracked 
| 253|0x000000063f400000, 0x000000063f800000, 0x000000063f800000|100%| O|  |TAMS 0x000000063f800000, 0x000000063f400000| Untracked 
| 254|0x000000063f800000, 0x000000063f800000, 0x000000063fc00000|  0%| F|  |TAMS 0x000000063f800000, 0x000000063f800000| Untracked 
| 255|0x000000063fc00000, 0x000000063fc00000, 0x0000000640000000|  0%| F|  |TAMS 0x000000063fc00000, 0x000000063fc00000| Untracked 
| 256|0x0000000640000000, 0x0000000640000000, 0x0000000640400000|  0%| F|  |TAMS 0x0000000640000000, 0x0000000640000000| Untracked 
| 257|0x0000000640400000, 0x0000000640800000, 0x0000000640800000|100%| O|  |TAMS 0x0000000640800000, 0x0000000640400000| Untracked 
| 258|0x0000000640800000, 0x0000000640c00000, 0x0000000640c00000|100%| O|  |TAMS 0x0000000640c00000, 0x0000000640800000| Untracked 
| 259|0x0000000640c00000, 0x0000000641000000, 0x0000000641000000|100%| O|  |TAMS 0x0000000641000000, 0x0000000640c00000| Untracked 
| 260|0x0000000641000000, 0x0000000641400000, 0x0000000641400000|100%| O|  |TAMS 0x0000000641400000, 0x0000000641000000| Untracked 
| 261|0x0000000641400000, 0x0000000641800000, 0x0000000641800000|100%| O|  |TAMS 0x0000000641800000, 0x0000000641400000| Untracked 
| 262|0x0000000641800000, 0x0000000641800000, 0x0000000641c00000|  0%| F|  |TAMS 0x0000000641800000, 0x0000000641800000| Untracked 
| 263|0x0000000641c00000, 0x0000000641c00000, 0x0000000642000000|  0%| F|  |TAMS 0x0000000641c00000, 0x0000000641c00000| Untracked 
| 264|0x0000000642000000, 0x0000000642400000, 0x0000000642400000|100%| O|  |TAMS 0x0000000642400000, 0x0000000642000000| Untracked 
| 265|0x0000000642400000, 0x0000000642800000, 0x0000000642800000|100%| O|  |TAMS 0x0000000642800000, 0x0000000642400000| Untracked 
| 266|0x0000000642800000, 0x0000000642c00000, 0x0000000642c00000|100%| O|  |TAMS 0x0000000642c00000, 0x0000000642800000| Untracked 
| 267|0x0000000642c00000, 0x0000000643000000, 0x0000000643000000|100%| O|  |TAMS 0x0000000643000000, 0x0000000642c00000| Untracked 
| 268|0x0000000643000000, 0x0000000643400000, 0x0000000643400000|100%| O|  |TAMS 0x0000000643400000, 0x0000000643000000| Untracked 
| 269|0x0000000643400000, 0x0000000643400000, 0x0000000643800000|  0%| F|  |TAMS 0x0000000643400000, 0x0000000643400000| Untracked 
| 270|0x0000000643800000, 0x0000000643800000, 0x0000000643c00000|  0%| F|  |TAMS 0x0000000643800000, 0x0000000643800000| Untracked 
| 271|0x0000000643c00000, 0x0000000643c00000, 0x0000000644000000|  0%| F|  |TAMS 0x0000000643c00000, 0x0000000643c00000| Untracked 
| 272|0x0000000644000000, 0x0000000644000000, 0x0000000644400000|  0%| F|  |TAMS 0x0000000644000000, 0x0000000644000000| Untracked 
| 273|0x0000000644400000, 0x0000000644800000, 0x0000000644800000|100%| O|  |TAMS 0x0000000644800000, 0x0000000644400000| Untracked 
| 274|0x0000000644800000, 0x0000000644800000, 0x0000000644c00000|  0%| F|  |TAMS 0x0000000644800000, 0x0000000644800000| Untracked 
| 275|0x0000000644c00000, 0x0000000645000000, 0x0000000645000000|100%| O|  |TAMS 0x0000000645000000, 0x0000000644c00000| Untracked 
| 276|0x0000000645000000, 0x0000000645400000, 0x0000000645400000|100%| O|  |TAMS 0x0000000645400000, 0x0000000645000000| Untracked 
| 277|0x0000000645400000, 0x0000000645400000, 0x0000000645800000|  0%| F|  |TAMS 0x0000000645400000, 0x0000000645400000| Untracked 
| 278|0x0000000645800000, 0x0000000645c00000, 0x0000000645c00000|100%| O|  |TAMS 0x0000000645c00000, 0x0000000645800000| Untracked 
| 279|0x0000000645c00000, 0x0000000646000000, 0x0000000646000000|100%| O|  |TAMS 0x0000000646000000, 0x0000000645c00000| Untracked 
| 280|0x0000000646000000, 0x0000000646400000, 0x0000000646400000|100%| O|  |TAMS 0x0000000646400000, 0x0000000646000000| Untracked 
| 281|0x0000000646400000, 0x0000000646400000, 0x0000000646800000|  0%| F|  |TAMS 0x0000000646400000, 0x0000000646400000| Untracked 
| 282|0x0000000646800000, 0x0000000646800000, 0x0000000646c00000|  0%| F|  |TAMS 0x0000000646800000, 0x0000000646800000| Untracked 
| 283|0x0000000646c00000, 0x0000000646c00000, 0x0000000647000000|  0%| F|  |TAMS 0x0000000646c00000, 0x0000000646c00000| Untracked 
| 284|0x0000000647000000, 0x0000000647000000, 0x0000000647400000|  0%| F|  |TAMS 0x0000000647000000, 0x0000000647000000| Untracked 
| 285|0x0000000647400000, 0x0000000647400000, 0x0000000647800000|  0%| F|  |TAMS 0x0000000647400000, 0x0000000647400000| Untracked 
| 286|0x0000000647800000, 0x0000000647800000, 0x0000000647c00000|  0%| F|  |TAMS 0x0000000647800000, 0x0000000647800000| Untracked 
| 287|0x0000000647c00000, 0x0000000647c00000, 0x0000000648000000|  0%| F|  |TAMS 0x0000000647c00000, 0x0000000647c00000| Untracked 
| 288|0x0000000648000000, 0x0000000648000000, 0x0000000648400000|  0%| F|  |TAMS 0x0000000648000000, 0x0000000648000000| Untracked 
| 289|0x0000000648400000, 0x0000000648400000, 0x0000000648800000|  0%| F|  |TAMS 0x0000000648400000, 0x0000000648400000| Untracked 
| 290|0x0000000648800000, 0x0000000648800000, 0x0000000648c00000|  0%| F|  |TAMS 0x0000000648800000, 0x0000000648800000| Untracked 
| 291|0x0000000648c00000, 0x0000000648c00000, 0x0000000649000000|  0%| F|  |TAMS 0x0000000648c00000, 0x0000000648c00000| Untracked 
| 292|0x0000000649000000, 0x0000000649000000, 0x0000000649400000|  0%| F|  |TAMS 0x0000000649000000, 0x0000000649000000| Untracked 
| 293|0x0000000649400000, 0x0000000649400000, 0x0000000649800000|  0%| F|  |TAMS 0x0000000649400000, 0x0000000649400000| Untracked 
| 294|0x0000000649800000, 0x0000000649800000, 0x0000000649c00000|  0%| F|  |TAMS 0x0000000649800000, 0x0000000649800000| Untracked 
| 295|0x0000000649c00000, 0x0000000649c00000, 0x000000064a000000|  0%| F|  |TAMS 0x0000000649c00000, 0x0000000649c00000| Untracked 
| 296|0x000000064a000000, 0x000000064a000000, 0x000000064a400000|  0%| F|  |TAMS 0x000000064a000000, 0x000000064a000000| Untracked 
| 297|0x000000064a400000, 0x000000064a400000, 0x000000064a800000|  0%| F|  |TAMS 0x000000064a400000, 0x000000064a400000| Untracked 
| 298|0x000000064a800000, 0x000000064a800000, 0x000000064ac00000|  0%| F|  |TAMS 0x000000064a800000, 0x000000064a800000| Untracked 
| 299|0x000000064ac00000, 0x000000064ac00000, 0x000000064b000000|  0%| F|  |TAMS 0x000000064ac00000, 0x000000064ac00000| Untracked 
| 300|0x000000064b000000, 0x000000064b000000, 0x000000064b400000|  0%| F|  |TAMS 0x000000064b000000, 0x000000064b000000| Untracked 
| 301|0x000000064b400000, 0x000000064b800000, 0x000000064b800000|100%| O|  |TAMS 0x000000064b800000, 0x000000064b400000| Untracked 
| 302|0x000000064b800000, 0x000000064bc00000, 0x000000064bc00000|100%| O|  |TAMS 0x000000064bc00000, 0x000000064b800000| Untracked 
| 303|0x000000064bc00000, 0x000000064c000000, 0x000000064c000000|100%| O|  |TAMS 0x000000064c000000, 0x000000064bc00000| Untracked 
| 304|0x000000064c000000, 0x000000064c400000, 0x000000064c400000|100%| O|  |TAMS 0x000000064c400000, 0x000000064c000000| Untracked 
| 305|0x000000064c400000, 0x000000064c800000, 0x000000064c800000|100%| O|  |TAMS 0x000000064c800000, 0x000000064c400000| Untracked 
| 306|0x000000064c800000, 0x000000064cc00000, 0x000000064cc00000|100%| O|  |TAMS 0x000000064cc00000, 0x000000064c800000| Untracked 
| 307|0x000000064cc00000, 0x000000064d000000, 0x000000064d000000|100%| O|  |TAMS 0x000000064d000000, 0x000000064cc00000| Untracked 
| 308|0x000000064d000000, 0x000000064d400000, 0x000000064d400000|100%| O|  |TAMS 0x000000064d400000, 0x000000064d000000| Untracked 
| 309|0x000000064d400000, 0x000000064d400000, 0x000000064d800000|  0%| F|  |TAMS 0x000000064d400000, 0x000000064d400000| Untracked 
| 310|0x000000064d800000, 0x000000064dc00000, 0x000000064dc00000|100%| O|  |TAMS 0x000000064d800000, 0x000000064d800000| Untracked 
| 311|0x000000064dc00000, 0x000000064e000000, 0x000000064e000000|100%| O|  |TAMS 0x000000064dc00000, 0x000000064dc00000| Untracked 
| 312|0x000000064e000000, 0x000000064e400000, 0x000000064e400000|100%| O|  |TAMS 0x000000064e000000, 0x000000064e000000| Untracked 
| 313|0x000000064e400000, 0x000000064e800000, 0x000000064e800000|100%| O|  |TAMS 0x000000064e400000, 0x000000064e400000| Untracked 
| 314|0x000000064e800000, 0x000000064e800000, 0x000000064ec00000|  0%| F|  |TAMS 0x000000064e800000, 0x000000064e800000| Untracked 
| 315|0x000000064ec00000, 0x000000064ec00000, 0x000000064f000000|  0%| F|  |TAMS 0x000000064ec00000, 0x000000064ec00000| Untracked 
| 316|0x000000064f000000, 0x000000064f400000, 0x000000064f400000|100%| O|  |TAMS 0x000000064f400000, 0x000000064f000000| Untracked 
| 317|0x000000064f400000, 0x000000064f800000, 0x000000064f800000|100%| O|  |TAMS 0x000000064f528e00, 0x000000064f400000| Untracked 
| 318|0x000000064f800000, 0x000000064fc00000, 0x000000064fc00000|100%| O|  |TAMS 0x000000064f800000, 0x000000064f800000| Untracked 
| 319|0x000000064fc00000, 0x0000000650000000, 0x0000000650000000|100%| O|  |TAMS 0x000000064fc00000, 0x000000064fc00000| Untracked 
| 320|0x0000000650000000, 0x0000000650400000, 0x0000000650400000|100%| O|  |TAMS 0x0000000650000000, 0x0000000650000000| Untracked 
| 321|0x0000000650400000, 0x0000000650800000, 0x0000000650800000|100%| O|  |TAMS 0x0000000650400000, 0x0000000650400000| Untracked 
| 322|0x0000000650800000, 0x0000000650c00000, 0x0000000650c00000|100%| O|  |TAMS 0x0000000650800000, 0x0000000650800000| Untracked 
| 323|0x0000000650c00000, 0x0000000651000000, 0x0000000651000000|100%| O|  |TAMS 0x0000000650c00000, 0x0000000650c00000| Untracked 
| 324|0x0000000651000000, 0x0000000651400000, 0x0000000651400000|100%| O|  |TAMS 0x0000000651000000, 0x0000000651000000| Untracked 
| 325|0x0000000651400000, 0x0000000651800000, 0x0000000651800000|100%| O|  |TAMS 0x0000000651400000, 0x0000000651400000| Untracked 
| 326|0x0000000651800000, 0x0000000651c00000, 0x0000000651c00000|100%| O|  |TAMS 0x0000000651800000, 0x0000000651800000| Untracked 
| 327|0x0000000651c00000, 0x0000000652000000, 0x0000000652000000|100%| O|  |TAMS 0x0000000651c00000, 0x0000000651c00000| Untracked 
| 328|0x0000000652000000, 0x0000000652400000, 0x0000000652400000|100%| O|  |TAMS 0x0000000652000000, 0x0000000652000000| Untracked 
| 329|0x0000000652400000, 0x0000000652800000, 0x0000000652800000|100%| O|  |TAMS 0x0000000652400000, 0x0000000652400000| Untracked 
| 330|0x0000000652800000, 0x0000000652c00000, 0x0000000652c00000|100%| O|  |TAMS 0x0000000652800000, 0x0000000652800000| Untracked 
| 331|0x0000000652c00000, 0x0000000653000000, 0x0000000653000000|100%| O|  |TAMS 0x0000000652c00000, 0x0000000652c00000| Untracked 
| 332|0x0000000653000000, 0x0000000653400000, 0x0000000653400000|100%| O|  |TAMS 0x0000000653000000, 0x0000000653000000| Untracked 
| 333|0x0000000653400000, 0x0000000653800000, 0x0000000653800000|100%| O|  |TAMS 0x0000000653400000, 0x0000000653400000| Untracked 
| 334|0x0000000653800000, 0x0000000653c00000, 0x0000000653c00000|100%| O|  |TAMS 0x0000000653800000, 0x0000000653800000| Untracked 
| 335|0x0000000653c00000, 0x0000000654000000, 0x0000000654000000|100%| O|  |TAMS 0x0000000653c00000, 0x0000000653c00000| Untracked 
| 336|0x0000000654000000, 0x0000000654400000, 0x0000000654400000|100%| O|  |TAMS 0x0000000654000000, 0x0000000654000000| Untracked 
| 337|0x0000000654400000, 0x0000000654800000, 0x0000000654800000|100%| O|  |TAMS 0x0000000654400000, 0x0000000654400000| Untracked 
| 338|0x0000000654800000, 0x0000000654c00000, 0x0000000654c00000|100%| O|  |TAMS 0x0000000654800000, 0x0000000654800000| Untracked 
| 339|0x0000000654c00000, 0x0000000655000000, 0x0000000655000000|100%|HS|  |TAMS 0x0000000654c00000, 0x0000000654c00000| Complete 
| 340|0x0000000655000000, 0x0000000655400000, 0x0000000655400000|100%|HS|  |TAMS 0x0000000655000000, 0x0000000655000000| Complete 
| 341|0x0000000655400000, 0x0000000655800000, 0x0000000655800000|100%| O|  |TAMS 0x0000000655400000, 0x0000000655400000| Untracked 
| 342|0x0000000655800000, 0x0000000655c00000, 0x0000000655c00000|100%| O|  |TAMS 0x0000000655800000, 0x0000000655800000| Untracked 
| 343|0x0000000655c00000, 0x0000000656000000, 0x0000000656000000|100%| O|  |TAMS 0x0000000655c00000, 0x0000000655c00000| Untracked 
| 344|0x0000000656000000, 0x0000000656400000, 0x0000000656400000|100%| O|  |TAMS 0x0000000656000000, 0x0000000656000000| Untracked 
| 345|0x0000000656400000, 0x0000000656800000, 0x0000000656800000|100%| O|  |TAMS 0x0000000656400000, 0x0000000656400000| Untracked 
| 346|0x0000000656800000, 0x0000000656c00000, 0x0000000656c00000|100%| O|  |TAMS 0x0000000656800000, 0x0000000656800000| Untracked 
| 347|0x0000000656c00000, 0x0000000657000000, 0x0000000657000000|100%| O|  |TAMS 0x0000000656c00000, 0x0000000656c00000| Untracked 
| 348|0x0000000657000000, 0x0000000657400000, 0x0000000657400000|100%| O|  |TAMS 0x0000000657000000, 0x0000000657000000| Untracked 
| 349|0x0000000657400000, 0x0000000657800000, 0x0000000657800000|100%| O|  |TAMS 0x0000000657400000, 0x0000000657400000| Untracked 
| 350|0x0000000657800000, 0x0000000657c00000, 0x0000000657c00000|100%| O|  |TAMS 0x0000000657800000, 0x0000000657800000| Untracked 
| 351|0x0000000657c00000, 0x0000000658000000, 0x0000000658000000|100%| O|  |TAMS 0x0000000657c00000, 0x0000000657c00000| Untracked 
| 352|0x0000000658000000, 0x0000000658400000, 0x0000000658400000|100%| O|  |TAMS 0x0000000658000000, 0x0000000658000000| Untracked 
| 353|0x0000000658400000, 0x0000000658800000, 0x0000000658800000|100%| O|  |TAMS 0x0000000658400000, 0x0000000658400000| Untracked 
| 354|0x0000000658800000, 0x0000000658c00000, 0x0000000658c00000|100%| O|  |TAMS 0x0000000658800000, 0x0000000658800000| Untracked 
| 355|0x0000000658c00000, 0x0000000659000000, 0x0000000659000000|100%| O|  |TAMS 0x0000000658c00000, 0x0000000658c00000| Untracked 
| 356|0x0000000659000000, 0x0000000659400000, 0x0000000659400000|100%| O|  |TAMS 0x0000000659000000, 0x0000000659000000| Untracked 
| 357|0x0000000659400000, 0x0000000659800000, 0x0000000659800000|100%| O|  |TAMS 0x0000000659400000, 0x0000000659400000| Untracked 
| 358|0x0000000659800000, 0x0000000659c00000, 0x0000000659c00000|100%| O|  |TAMS 0x0000000659800000, 0x0000000659800000| Untracked 
| 359|0x0000000659c00000, 0x000000065a000000, 0x000000065a000000|100%| O|  |TAMS 0x0000000659c00000, 0x0000000659c00000| Untracked 
| 360|0x000000065a000000, 0x000000065a400000, 0x000000065a400000|100%| O|  |TAMS 0x000000065a000000, 0x000000065a000000| Untracked 
| 361|0x000000065a400000, 0x000000065a800000, 0x000000065a800000|100%| O|  |TAMS 0x000000065a400000, 0x000000065a400000| Untracked 
| 362|0x000000065a800000, 0x000000065ac00000, 0x000000065ac00000|100%| O|  |TAMS 0x000000065a800000, 0x000000065a800000| Untracked 
| 363|0x000000065ac00000, 0x000000065b000000, 0x000000065b000000|100%| O|  |TAMS 0x000000065ac00000, 0x000000065ac00000| Untracked 
| 364|0x000000065b000000, 0x000000065b400000, 0x000000065b400000|100%| O|  |TAMS 0x000000065b000000, 0x000000065b000000| Untracked 
| 365|0x000000065b400000, 0x000000065b800000, 0x000000065b800000|100%| O|  |TAMS 0x000000065b400000, 0x000000065b400000| Untracked 
| 366|0x000000065b800000, 0x000000065bc00000, 0x000000065bc00000|100%| O|  |TAMS 0x000000065b800000, 0x000000065b800000| Untracked 
| 367|0x000000065bc00000, 0x000000065c000000, 0x000000065c000000|100%| O|  |TAMS 0x000000065bc00000, 0x000000065bc00000| Untracked 
| 368|0x000000065c000000, 0x000000065c400000, 0x000000065c400000|100%| O|  |TAMS 0x000000065c000000, 0x000000065c000000| Untracked 
| 369|0x000000065c400000, 0x000000065c800000, 0x000000065c800000|100%| O|  |TAMS 0x000000065c400000, 0x000000065c400000| Untracked 
| 370|0x000000065c800000, 0x000000065cc00000, 0x000000065cc00000|100%| O|  |TAMS 0x000000065c800000, 0x000000065c800000| Untracked 
| 371|0x000000065cc00000, 0x000000065d000000, 0x000000065d000000|100%| O|  |TAMS 0x000000065cc00000, 0x000000065cc00000| Untracked 
| 372|0x000000065d000000, 0x000000065d400000, 0x000000065d400000|100%| O|  |TAMS 0x000000065d000000, 0x000000065d000000| Untracked 
| 373|0x000000065d400000, 0x000000065d800000, 0x000000065d800000|100%| O|  |TAMS 0x000000065d400000, 0x000000065d400000| Untracked 
| 374|0x000000065d800000, 0x000000065dc00000, 0x000000065dc00000|100%| O|  |TAMS 0x000000065d800000, 0x000000065d800000| Untracked 
| 375|0x000000065dc00000, 0x000000065e000000, 0x000000065e000000|100%| O|  |TAMS 0x000000065dc00000, 0x000000065dc00000| Untracked 
| 376|0x000000065e000000, 0x000000065e400000, 0x000000065e400000|100%| O|  |TAMS 0x000000065e000000, 0x000000065e000000| Untracked 
| 377|0x000000065e400000, 0x000000065e800000, 0x000000065e800000|100%| O|  |TAMS 0x000000065e400000, 0x000000065e400000| Untracked 
| 378|0x000000065e800000, 0x000000065ec00000, 0x000000065ec00000|100%| O|  |TAMS 0x000000065e800000, 0x000000065e800000| Untracked 
| 379|0x000000065ec00000, 0x000000065f000000, 0x000000065f000000|100%| O|  |TAMS 0x000000065ec00000, 0x000000065ec00000| Untracked 
| 380|0x000000065f000000, 0x000000065f400000, 0x000000065f400000|100%| O|  |TAMS 0x000000065f000000, 0x000000065f000000| Untracked 
| 381|0x000000065f400000, 0x000000065f800000, 0x000000065f800000|100%| O|  |TAMS 0x000000065f400000, 0x000000065f400000| Untracked 
| 382|0x000000065f800000, 0x000000065fc00000, 0x000000065fc00000|100%| O|  |TAMS 0x000000065f800000, 0x000000065f800000| Untracked 
| 383|0x000000065fc00000, 0x0000000660000000, 0x0000000660000000|100%| O|  |TAMS 0x000000065fc00000, 0x000000065fc00000| Untracked 
| 384|0x0000000660000000, 0x0000000660400000, 0x0000000660400000|100%| O|  |TAMS 0x0000000660000000, 0x0000000660000000| Untracked 
| 385|0x0000000660400000, 0x0000000660800000, 0x0000000660800000|100%| O|  |TAMS 0x0000000660400000, 0x0000000660400000| Untracked 
| 386|0x0000000660800000, 0x0000000660c00000, 0x0000000660c00000|100%| O|  |TAMS 0x0000000660800000, 0x0000000660800000| Untracked 
| 387|0x0000000660c00000, 0x0000000660c00000, 0x0000000661000000|  0%| F|  |TAMS 0x0000000660c00000, 0x0000000660c00000| Untracked 
| 388|0x0000000661000000, 0x0000000661000000, 0x0000000661400000|  0%| F|  |TAMS 0x0000000661000000, 0x0000000661000000| Untracked 
| 389|0x0000000661400000, 0x0000000661400000, 0x0000000661800000|  0%| F|  |TAMS 0x0000000661400000, 0x0000000661400000| Untracked 
| 390|0x0000000661800000, 0x0000000661800000, 0x0000000661c00000|  0%| F|  |TAMS 0x0000000661800000, 0x0000000661800000| Untracked 
| 391|0x0000000661c00000, 0x0000000661c00000, 0x0000000662000000|  0%| F|  |TAMS 0x0000000661c00000, 0x0000000661c00000| Untracked 
| 392|0x0000000662000000, 0x0000000662000000, 0x0000000662400000|  0%| F|  |TAMS 0x0000000662000000, 0x0000000662000000| Untracked 
| 393|0x0000000662400000, 0x0000000662400000, 0x0000000662800000|  0%| F|  |TAMS 0x0000000662400000, 0x0000000662400000| Untracked 
| 394|0x0000000662800000, 0x0000000662800000, 0x0000000662c00000|  0%| F|  |TAMS 0x0000000662800000, 0x0000000662800000| Untracked 
| 395|0x0000000662c00000, 0x0000000662c00000, 0x0000000663000000|  0%| F|  |TAMS 0x0000000662c00000, 0x0000000662c00000| Untracked 
| 396|0x0000000663000000, 0x0000000663000000, 0x0000000663400000|  0%| F|  |TAMS 0x0000000663000000, 0x0000000663000000| Untracked 
| 397|0x0000000663400000, 0x0000000663400000, 0x0000000663800000|  0%| F|  |TAMS 0x0000000663400000, 0x0000000663400000| Untracked 
| 398|0x0000000663800000, 0x0000000663800000, 0x0000000663c00000|  0%| F|  |TAMS 0x0000000663800000, 0x0000000663800000| Untracked 
| 399|0x0000000663c00000, 0x0000000663c00000, 0x0000000664000000|  0%| F|  |TAMS 0x0000000663c00000, 0x0000000663c00000| Untracked 
| 400|0x0000000664000000, 0x0000000664000000, 0x0000000664400000|  0%| F|  |TAMS 0x0000000664000000, 0x0000000664000000| Untracked 
| 401|0x0000000664400000, 0x0000000664400000, 0x0000000664800000|  0%| F|  |TAMS 0x0000000664400000, 0x0000000664400000| Untracked 
| 402|0x0000000664800000, 0x0000000664800000, 0x0000000664c00000|  0%| F|  |TAMS 0x0000000664800000, 0x0000000664800000| Untracked 
| 403|0x0000000664c00000, 0x0000000664c00000, 0x0000000665000000|  0%| F|  |TAMS 0x0000000664c00000, 0x0000000664c00000| Untracked 
| 404|0x0000000665000000, 0x0000000665000000, 0x0000000665400000|  0%| F|  |TAMS 0x0000000665000000, 0x0000000665000000| Untracked 
| 405|0x0000000665400000, 0x0000000665400000, 0x0000000665800000|  0%| F|  |TAMS 0x0000000665400000, 0x0000000665400000| Untracked 
| 406|0x0000000665800000, 0x0000000665800000, 0x0000000665c00000|  0%| F|  |TAMS 0x0000000665800000, 0x0000000665800000| Untracked 
| 407|0x0000000665c00000, 0x0000000665c00000, 0x0000000666000000|  0%| F|  |TAMS 0x0000000665c00000, 0x0000000665c00000| Untracked 
| 408|0x0000000666000000, 0x0000000666000000, 0x0000000666400000|  0%| F|  |TAMS 0x0000000666000000, 0x0000000666000000| Untracked 
| 409|0x0000000666400000, 0x0000000666400000, 0x0000000666800000|  0%| F|  |TAMS 0x0000000666400000, 0x0000000666400000| Untracked 
| 410|0x0000000666800000, 0x0000000666800000, 0x0000000666c00000|  0%| F|  |TAMS 0x0000000666800000, 0x0000000666800000| Untracked 
| 411|0x0000000666c00000, 0x0000000666c00000, 0x0000000667000000|  0%| F|  |TAMS 0x0000000666c00000, 0x0000000666c00000| Untracked 
| 412|0x0000000667000000, 0x0000000667000000, 0x0000000667400000|  0%| F|  |TAMS 0x0000000667000000, 0x0000000667000000| Untracked 
| 413|0x0000000667400000, 0x0000000667400000, 0x0000000667800000|  0%| F|  |TAMS 0x0000000667400000, 0x0000000667400000| Untracked 
| 414|0x0000000667800000, 0x0000000667800000, 0x0000000667c00000|  0%| F|  |TAMS 0x0000000667800000, 0x0000000667800000| Untracked 
| 415|0x0000000667c00000, 0x0000000667c00000, 0x0000000668000000|  0%| F|  |TAMS 0x0000000667c00000, 0x0000000667c00000| Untracked 
| 416|0x0000000668000000, 0x0000000668000000, 0x0000000668400000|  0%| F|  |TAMS 0x0000000668000000, 0x0000000668000000| Untracked 
| 417|0x0000000668400000, 0x0000000668400000, 0x0000000668800000|  0%| F|  |TAMS 0x0000000668400000, 0x0000000668400000| Untracked 
| 418|0x0000000668800000, 0x0000000668800000, 0x0000000668c00000|  0%| F|  |TAMS 0x0000000668800000, 0x0000000668800000| Untracked 
| 419|0x0000000668c00000, 0x0000000668c00000, 0x0000000669000000|  0%| F|  |TAMS 0x0000000668c00000, 0x0000000668c00000| Untracked 
| 420|0x0000000669000000, 0x0000000669000000, 0x0000000669400000|  0%| F|  |TAMS 0x0000000669000000, 0x0000000669000000| Untracked 
| 421|0x0000000669400000, 0x0000000669400000, 0x0000000669800000|  0%| F|  |TAMS 0x0000000669400000, 0x0000000669400000| Untracked 
| 422|0x0000000669800000, 0x0000000669800000, 0x0000000669c00000|  0%| F|  |TAMS 0x0000000669800000, 0x0000000669800000| Untracked 
| 423|0x0000000669c00000, 0x0000000669c00000, 0x000000066a000000|  0%| F|  |TAMS 0x0000000669c00000, 0x0000000669c00000| Untracked 
| 424|0x000000066a000000, 0x000000066a000000, 0x000000066a400000|  0%| F|  |TAMS 0x000000066a000000, 0x000000066a000000| Untracked 
| 425|0x000000066a400000, 0x000000066a400000, 0x000000066a800000|  0%| F|  |TAMS 0x000000066a400000, 0x000000066a400000| Untracked 
| 426|0x000000066a800000, 0x000000066a800000, 0x000000066ac00000|  0%| F|  |TAMS 0x000000066a800000, 0x000000066a800000| Untracked 
| 427|0x000000066ac00000, 0x000000066ac00000, 0x000000066b000000|  0%| F|  |TAMS 0x000000066ac00000, 0x000000066ac00000| Untracked 
| 428|0x000000066b000000, 0x000000066b000000, 0x000000066b400000|  0%| F|  |TAMS 0x000000066b000000, 0x000000066b000000| Untracked 
| 429|0x000000066b400000, 0x000000066b400000, 0x000000066b800000|  0%| F|  |TAMS 0x000000066b400000, 0x000000066b400000| Untracked 
| 430|0x000000066b800000, 0x000000066b800000, 0x000000066bc00000|  0%| F|  |TAMS 0x000000066b800000, 0x000000066b800000| Untracked 
| 431|0x000000066bc00000, 0x000000066bc00000, 0x000000066c000000|  0%| F|  |TAMS 0x000000066bc00000, 0x000000066bc00000| Untracked 
| 432|0x000000066c000000, 0x000000066c000000, 0x000000066c400000|  0%| F|  |TAMS 0x000000066c000000, 0x000000066c000000| Untracked 
| 433|0x000000066c400000, 0x000000066c400000, 0x000000066c800000|  0%| F|  |TAMS 0x000000066c400000, 0x000000066c400000| Untracked 
| 434|0x000000066c800000, 0x000000066c800000, 0x000000066cc00000|  0%| F|  |TAMS 0x000000066c800000, 0x000000066c800000| Untracked 
| 435|0x000000066cc00000, 0x000000066cc00000, 0x000000066d000000|  0%| F|  |TAMS 0x000000066cc00000, 0x000000066cc00000| Untracked 
| 436|0x000000066d000000, 0x000000066d000000, 0x000000066d400000|  0%| F|  |TAMS 0x000000066d000000, 0x000000066d000000| Untracked 
| 437|0x000000066d400000, 0x000000066d400000, 0x000000066d800000|  0%| F|  |TAMS 0x000000066d400000, 0x000000066d400000| Untracked 
| 438|0x000000066d800000, 0x000000066d800000, 0x000000066dc00000|  0%| F|  |TAMS 0x000000066d800000, 0x000000066d800000| Untracked 
| 439|0x000000066dc00000, 0x000000066dc00000, 0x000000066e000000|  0%| F|  |TAMS 0x000000066dc00000, 0x000000066dc00000| Untracked 
| 440|0x000000066e000000, 0x000000066e000000, 0x000000066e400000|  0%| F|  |TAMS 0x000000066e000000, 0x000000066e000000| Untracked 
| 441|0x000000066e400000, 0x000000066e400000, 0x000000066e800000|  0%| F|  |TAMS 0x000000066e400000, 0x000000066e400000| Untracked 
| 442|0x000000066e800000, 0x000000066e800000, 0x000000066ec00000|  0%| F|  |TAMS 0x000000066e800000, 0x000000066e800000| Untracked 
| 443|0x000000066ec00000, 0x000000066ec00000, 0x000000066f000000|  0%| F|  |TAMS 0x000000066ec00000, 0x000000066ec00000| Untracked 
| 444|0x000000066f000000, 0x000000066f000000, 0x000000066f400000|  0%| F|  |TAMS 0x000000066f000000, 0x000000066f000000| Untracked 
| 445|0x000000066f400000, 0x000000066f400000, 0x000000066f800000|  0%| F|  |TAMS 0x000000066f400000, 0x000000066f400000| Untracked 
| 446|0x000000066f800000, 0x000000066f800000, 0x000000066fc00000|  0%| F|  |TAMS 0x000000066f800000, 0x000000066f800000| Untracked 
| 447|0x000000066fc00000, 0x000000066fc00000, 0x0000000670000000|  0%| F|  |TAMS 0x000000066fc00000, 0x000000066fc00000| Untracked 
| 448|0x0000000670000000, 0x0000000670000000, 0x0000000670400000|  0%| F|  |TAMS 0x0000000670000000, 0x0000000670000000| Untracked 
| 449|0x0000000670400000, 0x0000000670400000, 0x0000000670800000|  0%| F|  |TAMS 0x0000000670400000, 0x0000000670400000| Untracked 
| 450|0x0000000670800000, 0x0000000670800000, 0x0000000670c00000|  0%| F|  |TAMS 0x0000000670800000, 0x0000000670800000| Untracked 
| 451|0x0000000670c00000, 0x0000000670c00000, 0x0000000671000000|  0%| F|  |TAMS 0x0000000670c00000, 0x0000000670c00000| Untracked 
| 452|0x0000000671000000, 0x0000000671000000, 0x0000000671400000|  0%| F|  |TAMS 0x0000000671000000, 0x0000000671000000| Untracked 
| 453|0x0000000671400000, 0x0000000671400000, 0x0000000671800000|  0%| F|  |TAMS 0x0000000671400000, 0x0000000671400000| Untracked 
| 454|0x0000000671800000, 0x0000000671800000, 0x0000000671c00000|  0%| F|  |TAMS 0x0000000671800000, 0x0000000671800000| Untracked 
| 455|0x0000000671c00000, 0x0000000671c00000, 0x0000000672000000|  0%| F|  |TAMS 0x0000000671c00000, 0x0000000671c00000| Untracked 
| 456|0x0000000672000000, 0x0000000672000000, 0x0000000672400000|  0%| F|  |TAMS 0x0000000672000000, 0x0000000672000000| Untracked 
| 457|0x0000000672400000, 0x0000000672400000, 0x0000000672800000|  0%| F|  |TAMS 0x0000000672400000, 0x0000000672400000| Untracked 
| 458|0x0000000672800000, 0x0000000672800000, 0x0000000672c00000|  0%| F|  |TAMS 0x0000000672800000, 0x0000000672800000| Untracked 
| 459|0x0000000672c00000, 0x0000000672c00000, 0x0000000673000000|  0%| F|  |TAMS 0x0000000672c00000, 0x0000000672c00000| Untracked 
| 460|0x0000000673000000, 0x0000000673000000, 0x0000000673400000|  0%| F|  |TAMS 0x0000000673000000, 0x0000000673000000| Untracked 
| 461|0x0000000673400000, 0x0000000673400000, 0x0000000673800000|  0%| F|  |TAMS 0x0000000673400000, 0x0000000673400000| Untracked 
| 462|0x0000000673800000, 0x0000000673800000, 0x0000000673c00000|  0%| F|  |TAMS 0x0000000673800000, 0x0000000673800000| Untracked 
| 463|0x0000000673c00000, 0x0000000673c00000, 0x0000000674000000|  0%| F|  |TAMS 0x0000000673c00000, 0x0000000673c00000| Untracked 
| 464|0x0000000674000000, 0x0000000674000000, 0x0000000674400000|  0%| F|  |TAMS 0x0000000674000000, 0x0000000674000000| Untracked 
| 465|0x0000000674400000, 0x0000000674400000, 0x0000000674800000|  0%| F|  |TAMS 0x0000000674400000, 0x0000000674400000| Untracked 
| 466|0x0000000674800000, 0x0000000674800000, 0x0000000674c00000|  0%| F|  |TAMS 0x0000000674800000, 0x0000000674800000| Untracked 
| 467|0x0000000674c00000, 0x0000000674c00000, 0x0000000675000000|  0%| F|  |TAMS 0x0000000674c00000, 0x0000000674c00000| Untracked 
| 468|0x0000000675000000, 0x0000000675000000, 0x0000000675400000|  0%| F|  |TAMS 0x0000000675000000, 0x0000000675000000| Untracked 
| 469|0x0000000675400000, 0x0000000675400000, 0x0000000675800000|  0%| F|  |TAMS 0x0000000675400000, 0x0000000675400000| Untracked 
| 470|0x0000000675800000, 0x0000000675800000, 0x0000000675c00000|  0%| F|  |TAMS 0x0000000675800000, 0x0000000675800000| Untracked 
| 471|0x0000000675c00000, 0x0000000675c00000, 0x0000000676000000|  0%| F|  |TAMS 0x0000000675c00000, 0x0000000675c00000| Untracked 
| 472|0x0000000676000000, 0x0000000676000000, 0x0000000676400000|  0%| F|  |TAMS 0x0000000676000000, 0x0000000676000000| Untracked 
| 473|0x0000000676400000, 0x0000000676400000, 0x0000000676800000|  0%| F|  |TAMS 0x0000000676400000, 0x0000000676400000| Untracked 
| 474|0x0000000676800000, 0x0000000676800000, 0x0000000676c00000|  0%| F|  |TAMS 0x0000000676800000, 0x0000000676800000| Untracked 
| 475|0x0000000676c00000, 0x0000000676c00000, 0x0000000677000000|  0%| F|  |TAMS 0x0000000676c00000, 0x0000000676c00000| Untracked 
| 476|0x0000000677000000, 0x0000000677000000, 0x0000000677400000|  0%| F|  |TAMS 0x0000000677000000, 0x0000000677000000| Untracked 
| 477|0x0000000677400000, 0x0000000677400000, 0x0000000677800000|  0%| F|  |TAMS 0x0000000677400000, 0x0000000677400000| Untracked 
| 478|0x0000000677800000, 0x0000000677800000, 0x0000000677c00000|  0%| F|  |TAMS 0x0000000677800000, 0x0000000677800000| Untracked 
| 479|0x0000000677c00000, 0x0000000677c00000, 0x0000000678000000|  0%| F|  |TAMS 0x0000000677c00000, 0x0000000677c00000| Untracked 
| 480|0x0000000678000000, 0x0000000678000000, 0x0000000678400000|  0%| F|  |TAMS 0x0000000678000000, 0x0000000678000000| Untracked 
| 481|0x0000000678400000, 0x0000000678400000, 0x0000000678800000|  0%| F|  |TAMS 0x0000000678400000, 0x0000000678400000| Untracked 
| 482|0x0000000678800000, 0x0000000678800000, 0x0000000678c00000|  0%| F|  |TAMS 0x0000000678800000, 0x0000000678800000| Untracked 
| 483|0x0000000678c00000, 0x0000000678c00000, 0x0000000679000000|  0%| F|  |TAMS 0x0000000678c00000, 0x0000000678c00000| Untracked 
| 484|0x0000000679000000, 0x0000000679000000, 0x0000000679400000|  0%| F|  |TAMS 0x0000000679000000, 0x0000000679000000| Untracked 
| 485|0x0000000679400000, 0x0000000679400000, 0x0000000679800000|  0%| F|  |TAMS 0x0000000679400000, 0x0000000679400000| Untracked 
| 486|0x0000000679800000, 0x0000000679800000, 0x0000000679c00000|  0%| F|  |TAMS 0x0000000679800000, 0x0000000679800000| Untracked 
| 487|0x0000000679c00000, 0x0000000679c00000, 0x000000067a000000|  0%| F|  |TAMS 0x0000000679c00000, 0x0000000679c00000| Untracked 
| 488|0x000000067a000000, 0x000000067a000000, 0x000000067a400000|  0%| F|  |TAMS 0x000000067a000000, 0x000000067a000000| Untracked 
| 489|0x000000067a400000, 0x000000067a400000, 0x000000067a800000|  0%| F|  |TAMS 0x000000067a400000, 0x000000067a400000| Untracked 
| 490|0x000000067a800000, 0x000000067a800000, 0x000000067ac00000|  0%| F|  |TAMS 0x000000067a800000, 0x000000067a800000| Untracked 
| 491|0x000000067ac00000, 0x000000067ac00000, 0x000000067b000000|  0%| F|  |TAMS 0x000000067ac00000, 0x000000067ac00000| Untracked 
| 492|0x000000067b000000, 0x000000067b000000, 0x000000067b400000|  0%| F|  |TAMS 0x000000067b000000, 0x000000067b000000| Untracked 
| 493|0x000000067b400000, 0x000000067b400000, 0x000000067b800000|  0%| F|  |TAMS 0x000000067b400000, 0x000000067b400000| Untracked 
| 494|0x000000067b800000, 0x000000067b800000, 0x000000067bc00000|  0%| F|  |TAMS 0x000000067b800000, 0x000000067b800000| Untracked 
| 495|0x000000067bc00000, 0x000000067bc00000, 0x000000067c000000|  0%| F|  |TAMS 0x000000067bc00000, 0x000000067bc00000| Untracked 
| 496|0x000000067c000000, 0x000000067c000000, 0x000000067c400000|  0%| F|  |TAMS 0x000000067c000000, 0x000000067c000000| Untracked 
| 497|0x000000067c400000, 0x000000067c400000, 0x000000067c800000|  0%| F|  |TAMS 0x000000067c400000, 0x000000067c400000| Untracked 
| 498|0x000000067c800000, 0x000000067c800000, 0x000000067cc00000|  0%| F|  |TAMS 0x000000067c800000, 0x000000067c800000| Untracked 
| 499|0x000000067cc00000, 0x000000067cc00000, 0x000000067d000000|  0%| F|  |TAMS 0x000000067cc00000, 0x000000067cc00000| Untracked 
| 500|0x000000067d000000, 0x000000067d000000, 0x000000067d400000|  0%| F|  |TAMS 0x000000067d000000, 0x000000067d000000| Untracked 
| 501|0x000000067d400000, 0x000000067d400000, 0x000000067d800000|  0%| F|  |TAMS 0x000000067d400000, 0x000000067d400000| Untracked 
| 502|0x000000067d800000, 0x000000067d800000, 0x000000067dc00000|  0%| F|  |TAMS 0x000000067d800000, 0x000000067d800000| Untracked 
| 503|0x000000067dc00000, 0x000000067dc00000, 0x000000067e000000|  0%| F|  |TAMS 0x000000067dc00000, 0x000000067dc00000| Untracked 
| 504|0x000000067e000000, 0x000000067e000000, 0x000000067e400000|  0%| F|  |TAMS 0x000000067e000000, 0x000000067e000000| Untracked 
| 505|0x000000067e400000, 0x000000067e400000, 0x000000067e800000|  0%| F|  |TAMS 0x000000067e400000, 0x000000067e400000| Untracked 
| 506|0x000000067e800000, 0x000000067e800000, 0x000000067ec00000|  0%| F|  |TAMS 0x000000067e800000, 0x000000067e800000| Untracked 
| 507|0x000000067ec00000, 0x000000067ec00000, 0x000000067f000000|  0%| F|  |TAMS 0x000000067ec00000, 0x000000067ec00000| Untracked 
| 508|0x000000067f000000, 0x000000067f000000, 0x000000067f400000|  0%| F|  |TAMS 0x000000067f000000, 0x000000067f000000| Untracked 
| 509|0x000000067f400000, 0x000000067f400000, 0x000000067f800000|  0%| F|  |TAMS 0x000000067f400000, 0x000000067f400000| Untracked 
| 510|0x000000067f800000, 0x000000067f800000, 0x000000067fc00000|  0%| F|  |TAMS 0x000000067f800000, 0x000000067f800000| Untracked 
| 511|0x000000067fc00000, 0x000000067fc00000, 0x0000000680000000|  0%| F|  |TAMS 0x000000067fc00000, 0x000000067fc00000| Untracked 
| 512|0x0000000680000000, 0x0000000680000000, 0x0000000680400000|  0%| F|  |TAMS 0x0000000680000000, 0x0000000680000000| Untracked 
| 513|0x0000000680400000, 0x0000000680400000, 0x0000000680800000|  0%| F|  |TAMS 0x0000000680400000, 0x0000000680400000| Untracked 
| 514|0x0000000680800000, 0x0000000680800000, 0x0000000680c00000|  0%| F|  |TAMS 0x0000000680800000, 0x0000000680800000| Untracked 
| 515|0x0000000680c00000, 0x0000000680c00000, 0x0000000681000000|  0%| F|  |TAMS 0x0000000680c00000, 0x0000000680c00000| Untracked 
| 516|0x0000000681000000, 0x0000000681000000, 0x0000000681400000|  0%| F|  |TAMS 0x0000000681000000, 0x0000000681000000| Untracked 
| 517|0x0000000681400000, 0x0000000681400000, 0x0000000681800000|  0%| F|  |TAMS 0x0000000681400000, 0x0000000681400000| Untracked 
| 518|0x0000000681800000, 0x0000000681800000, 0x0000000681c00000|  0%| F|  |TAMS 0x0000000681800000, 0x0000000681800000| Untracked 
| 519|0x0000000681c00000, 0x0000000681c00000, 0x0000000682000000|  0%| F|  |TAMS 0x0000000681c00000, 0x0000000681c00000| Untracked 
| 520|0x0000000682000000, 0x0000000682000000, 0x0000000682400000|  0%| F|  |TAMS 0x0000000682000000, 0x0000000682000000| Untracked 
| 521|0x0000000682400000, 0x0000000682400000, 0x0000000682800000|  0%| F|  |TAMS 0x0000000682400000, 0x0000000682400000| Untracked 
| 522|0x0000000682800000, 0x0000000682800000, 0x0000000682c00000|  0%| F|  |TAMS 0x0000000682800000, 0x0000000682800000| Untracked 
| 523|0x0000000682c00000, 0x0000000682c00000, 0x0000000683000000|  0%| F|  |TAMS 0x0000000682c00000, 0x0000000682c00000| Untracked 
| 524|0x0000000683000000, 0x0000000683000000, 0x0000000683400000|  0%| F|  |TAMS 0x0000000683000000, 0x0000000683000000| Untracked 
| 525|0x0000000683400000, 0x0000000683400000, 0x0000000683800000|  0%| F|  |TAMS 0x0000000683400000, 0x0000000683400000| Untracked 
| 526|0x0000000683800000, 0x0000000683800000, 0x0000000683c00000|  0%| F|  |TAMS 0x0000000683800000, 0x0000000683800000| Untracked 
| 527|0x0000000683c00000, 0x0000000683c00000, 0x0000000684000000|  0%| F|  |TAMS 0x0000000683c00000, 0x0000000683c00000| Untracked 
| 528|0x0000000684000000, 0x0000000684000000, 0x0000000684400000|  0%| F|  |TAMS 0x0000000684000000, 0x0000000684000000| Untracked 
| 529|0x0000000684400000, 0x0000000684400000, 0x0000000684800000|  0%| F|  |TAMS 0x0000000684400000, 0x0000000684400000| Untracked 
| 530|0x0000000684800000, 0x0000000684800000, 0x0000000684c00000|  0%| F|  |TAMS 0x0000000684800000, 0x0000000684800000| Untracked 
| 531|0x0000000684c00000, 0x0000000684c00000, 0x0000000685000000|  0%| F|  |TAMS 0x0000000684c00000, 0x0000000684c00000| Untracked 
| 532|0x0000000685000000, 0x0000000685000000, 0x0000000685400000|  0%| F|  |TAMS 0x0000000685000000, 0x0000000685000000| Untracked 
| 533|0x0000000685400000, 0x0000000685400000, 0x0000000685800000|  0%| F|  |TAMS 0x0000000685400000, 0x0000000685400000| Untracked 
| 534|0x0000000685800000, 0x0000000685800000, 0x0000000685c00000|  0%| F|  |TAMS 0x0000000685800000, 0x0000000685800000| Untracked 
| 535|0x0000000685c00000, 0x0000000685c00000, 0x0000000686000000|  0%| F|  |TAMS 0x0000000685c00000, 0x0000000685c00000| Untracked 
| 536|0x0000000686000000, 0x0000000686000000, 0x0000000686400000|  0%| F|  |TAMS 0x0000000686000000, 0x0000000686000000| Untracked 
| 537|0x0000000686400000, 0x0000000686400000, 0x0000000686800000|  0%| F|  |TAMS 0x0000000686400000, 0x0000000686400000| Untracked 
| 538|0x0000000686800000, 0x0000000686800000, 0x0000000686c00000|  0%| F|  |TAMS 0x0000000686800000, 0x0000000686800000| Untracked 
| 539|0x0000000686c00000, 0x0000000686c00000, 0x0000000687000000|  0%| F|  |TAMS 0x0000000686c00000, 0x0000000686c00000| Untracked 
| 540|0x0000000687000000, 0x0000000687000000, 0x0000000687400000|  0%| F|  |TAMS 0x0000000687000000, 0x0000000687000000| Untracked 
| 541|0x0000000687400000, 0x0000000687400000, 0x0000000687800000|  0%| F|  |TAMS 0x0000000687400000, 0x0000000687400000| Untracked 
| 542|0x0000000687800000, 0x0000000687800000, 0x0000000687c00000|  0%| F|  |TAMS 0x0000000687800000, 0x0000000687800000| Untracked 
| 543|0x0000000687c00000, 0x0000000687c00000, 0x0000000688000000|  0%| F|  |TAMS 0x0000000687c00000, 0x0000000687c00000| Untracked 
| 544|0x0000000688000000, 0x0000000688000000, 0x0000000688400000|  0%| F|  |TAMS 0x0000000688000000, 0x0000000688000000| Untracked 
| 545|0x0000000688400000, 0x0000000688400000, 0x0000000688800000|  0%| F|  |TAMS 0x0000000688400000, 0x0000000688400000| Untracked 
| 546|0x0000000688800000, 0x0000000688800000, 0x0000000688c00000|  0%| F|  |TAMS 0x0000000688800000, 0x0000000688800000| Untracked 
| 547|0x0000000688c00000, 0x0000000688c00000, 0x0000000689000000|  0%| F|  |TAMS 0x0000000688c00000, 0x0000000688c00000| Untracked 
| 548|0x0000000689000000, 0x0000000689000000, 0x0000000689400000|  0%| F|  |TAMS 0x0000000689000000, 0x0000000689000000| Untracked 
| 549|0x0000000689400000, 0x0000000689400000, 0x0000000689800000|  0%| F|  |TAMS 0x0000000689400000, 0x0000000689400000| Untracked 
| 550|0x0000000689800000, 0x0000000689800000, 0x0000000689c00000|  0%| F|  |TAMS 0x0000000689800000, 0x0000000689800000| Untracked 
| 551|0x0000000689c00000, 0x0000000689c00000, 0x000000068a000000|  0%| F|  |TAMS 0x0000000689c00000, 0x0000000689c00000| Untracked 
| 552|0x000000068a000000, 0x000000068a000000, 0x000000068a400000|  0%| F|  |TAMS 0x000000068a000000, 0x000000068a000000| Untracked 
| 553|0x000000068a400000, 0x000000068a400000, 0x000000068a800000|  0%| F|  |TAMS 0x000000068a400000, 0x000000068a400000| Untracked 
| 554|0x000000068a800000, 0x000000068a800000, 0x000000068ac00000|  0%| F|  |TAMS 0x000000068a800000, 0x000000068a800000| Untracked 
| 555|0x000000068ac00000, 0x000000068ac00000, 0x000000068b000000|  0%| F|  |TAMS 0x000000068ac00000, 0x000000068ac00000| Untracked 
| 556|0x000000068b000000, 0x000000068b000000, 0x000000068b400000|  0%| F|  |TAMS 0x000000068b000000, 0x000000068b000000| Untracked 
| 557|0x000000068b400000, 0x000000068b400000, 0x000000068b800000|  0%| F|  |TAMS 0x000000068b400000, 0x000000068b400000| Untracked 
| 558|0x000000068b800000, 0x000000068b800000, 0x000000068bc00000|  0%| F|  |TAMS 0x000000068b800000, 0x000000068b800000| Untracked 
| 559|0x000000068bc00000, 0x000000068bc00000, 0x000000068c000000|  0%| F|  |TAMS 0x000000068bc00000, 0x000000068bc00000| Untracked 
| 560|0x000000068c000000, 0x000000068c000000, 0x000000068c400000|  0%| F|  |TAMS 0x000000068c000000, 0x000000068c000000| Untracked 
| 561|0x000000068c400000, 0x000000068c400000, 0x000000068c800000|  0%| F|  |TAMS 0x000000068c400000, 0x000000068c400000| Untracked 
| 562|0x000000068c800000, 0x000000068c800000, 0x000000068cc00000|  0%| F|  |TAMS 0x000000068c800000, 0x000000068c800000| Untracked 
| 563|0x000000068cc00000, 0x000000068cc00000, 0x000000068d000000|  0%| F|  |TAMS 0x000000068cc00000, 0x000000068cc00000| Untracked 
| 564|0x000000068d000000, 0x000000068d000000, 0x000000068d400000|  0%| F|  |TAMS 0x000000068d000000, 0x000000068d000000| Untracked 
| 565|0x000000068d400000, 0x000000068d400000, 0x000000068d800000|  0%| F|  |TAMS 0x000000068d400000, 0x000000068d400000| Untracked 
| 566|0x000000068d800000, 0x000000068d800000, 0x000000068dc00000|  0%| F|  |TAMS 0x000000068d800000, 0x000000068d800000| Untracked 
| 567|0x000000068dc00000, 0x000000068dc00000, 0x000000068e000000|  0%| F|  |TAMS 0x000000068dc00000, 0x000000068dc00000| Untracked 
| 568|0x000000068e000000, 0x000000068e000000, 0x000000068e400000|  0%| F|  |TAMS 0x000000068e000000, 0x000000068e000000| Untracked 
| 569|0x000000068e400000, 0x000000068e400000, 0x000000068e800000|  0%| F|  |TAMS 0x000000068e400000, 0x000000068e400000| Untracked 
| 570|0x000000068e800000, 0x000000068e800000, 0x000000068ec00000|  0%| F|  |TAMS 0x000000068e800000, 0x000000068e800000| Untracked 
| 571|0x000000068ec00000, 0x000000068ec00000, 0x000000068f000000|  0%| F|  |TAMS 0x000000068ec00000, 0x000000068ec00000| Untracked 
| 572|0x000000068f000000, 0x000000068f000000, 0x000000068f400000|  0%| F|  |TAMS 0x000000068f000000, 0x000000068f000000| Untracked 
| 573|0x000000068f400000, 0x000000068f400000, 0x000000068f800000|  0%| F|  |TAMS 0x000000068f400000, 0x000000068f400000| Untracked 
| 574|0x000000068f800000, 0x000000068f800000, 0x000000068fc00000|  0%| F|  |TAMS 0x000000068f800000, 0x000000068f800000| Untracked 
| 575|0x000000068fc00000, 0x000000068fc00000, 0x0000000690000000|  0%| F|  |TAMS 0x000000068fc00000, 0x000000068fc00000| Untracked 
| 576|0x0000000690000000, 0x0000000690000000, 0x0000000690400000|  0%| F|  |TAMS 0x0000000690000000, 0x0000000690000000| Untracked 
| 577|0x0000000690400000, 0x0000000690400000, 0x0000000690800000|  0%| F|  |TAMS 0x0000000690400000, 0x0000000690400000| Untracked 
| 578|0x0000000690800000, 0x0000000690800000, 0x0000000690c00000|  0%| F|  |TAMS 0x0000000690800000, 0x0000000690800000| Untracked 
| 579|0x0000000690c00000, 0x0000000690c00000, 0x0000000691000000|  0%| F|  |TAMS 0x0000000690c00000, 0x0000000690c00000| Untracked 
| 580|0x0000000691000000, 0x0000000691000000, 0x0000000691400000|  0%| F|  |TAMS 0x0000000691000000, 0x0000000691000000| Untracked 
| 581|0x0000000691400000, 0x0000000691400000, 0x0000000691800000|  0%| F|  |TAMS 0x0000000691400000, 0x0000000691400000| Untracked 
| 582|0x0000000691800000, 0x0000000691800000, 0x0000000691c00000|  0%| F|  |TAMS 0x0000000691800000, 0x0000000691800000| Untracked 
| 583|0x0000000691c00000, 0x0000000691c00000, 0x0000000692000000|  0%| F|  |TAMS 0x0000000691c00000, 0x0000000691c00000| Untracked 
| 584|0x0000000692000000, 0x0000000692000000, 0x0000000692400000|  0%| F|  |TAMS 0x0000000692000000, 0x0000000692000000| Untracked 
| 585|0x0000000692400000, 0x0000000692400000, 0x0000000692800000|  0%| F|  |TAMS 0x0000000692400000, 0x0000000692400000| Untracked 
| 586|0x0000000692800000, 0x0000000692800000, 0x0000000692c00000|  0%| F|  |TAMS 0x0000000692800000, 0x0000000692800000| Untracked 
| 587|0x0000000692c00000, 0x0000000692c00000, 0x0000000693000000|  0%| F|  |TAMS 0x0000000692c00000, 0x0000000692c00000| Untracked 
| 588|0x0000000693000000, 0x0000000693000000, 0x0000000693400000|  0%| F|  |TAMS 0x0000000693000000, 0x0000000693000000| Untracked 
| 589|0x0000000693400000, 0x0000000693400000, 0x0000000693800000|  0%| F|  |TAMS 0x0000000693400000, 0x0000000693400000| Untracked 
| 590|0x0000000693800000, 0x0000000693800000, 0x0000000693c00000|  0%| F|  |TAMS 0x0000000693800000, 0x0000000693800000| Untracked 
| 591|0x0000000693c00000, 0x0000000693c00000, 0x0000000694000000|  0%| F|  |TAMS 0x0000000693c00000, 0x0000000693c00000| Untracked 
| 592|0x0000000694000000, 0x0000000694000000, 0x0000000694400000|  0%| F|  |TAMS 0x0000000694000000, 0x0000000694000000| Untracked 
| 593|0x0000000694400000, 0x0000000694400000, 0x0000000694800000|  0%| F|  |TAMS 0x0000000694400000, 0x0000000694400000| Untracked 
| 594|0x0000000694800000, 0x0000000694800000, 0x0000000694c00000|  0%| F|  |TAMS 0x0000000694800000, 0x0000000694800000| Untracked 
| 595|0x0000000694c00000, 0x0000000694c00000, 0x0000000695000000|  0%| F|  |TAMS 0x0000000694c00000, 0x0000000694c00000| Untracked 
| 596|0x0000000695000000, 0x0000000695000000, 0x0000000695400000|  0%| F|  |TAMS 0x0000000695000000, 0x0000000695000000| Untracked 
| 597|0x0000000695400000, 0x0000000695400000, 0x0000000695800000|  0%| F|  |TAMS 0x0000000695400000, 0x0000000695400000| Untracked 
| 598|0x0000000695800000, 0x0000000695800000, 0x0000000695c00000|  0%| F|  |TAMS 0x0000000695800000, 0x0000000695800000| Untracked 
| 599|0x0000000695c00000, 0x0000000695c00000, 0x0000000696000000|  0%| F|  |TAMS 0x0000000695c00000, 0x0000000695c00000| Untracked 
| 600|0x0000000696000000, 0x0000000696000000, 0x0000000696400000|  0%| F|  |TAMS 0x0000000696000000, 0x0000000696000000| Untracked 
| 601|0x0000000696400000, 0x0000000696400000, 0x0000000696800000|  0%| F|  |TAMS 0x0000000696400000, 0x0000000696400000| Untracked 
| 602|0x0000000696800000, 0x0000000696800000, 0x0000000696c00000|  0%| F|  |TAMS 0x0000000696800000, 0x0000000696800000| Untracked 
| 603|0x0000000696c00000, 0x0000000696c00000, 0x0000000697000000|  0%| F|  |TAMS 0x0000000696c00000, 0x0000000696c00000| Untracked 
| 604|0x0000000697000000, 0x0000000697000000, 0x0000000697400000|  0%| F|  |TAMS 0x0000000697000000, 0x0000000697000000| Untracked 
| 605|0x0000000697400000, 0x0000000697400000, 0x0000000697800000|  0%| F|  |TAMS 0x0000000697400000, 0x0000000697400000| Untracked 
| 606|0x0000000697800000, 0x0000000697800000, 0x0000000697c00000|  0%| F|  |TAMS 0x0000000697800000, 0x0000000697800000| Untracked 
| 607|0x0000000697c00000, 0x0000000697c00000, 0x0000000698000000|  0%| F|  |TAMS 0x0000000697c00000, 0x0000000697c00000| Untracked 
| 608|0x0000000698000000, 0x0000000698000000, 0x0000000698400000|  0%| F|  |TAMS 0x0000000698000000, 0x0000000698000000| Untracked 
| 609|0x0000000698400000, 0x0000000698400000, 0x0000000698800000|  0%| F|  |TAMS 0x0000000698400000, 0x0000000698400000| Untracked 
| 610|0x0000000698800000, 0x0000000698800000, 0x0000000698c00000|  0%| F|  |TAMS 0x0000000698800000, 0x0000000698800000| Untracked 
| 611|0x0000000698c00000, 0x0000000698c00000, 0x0000000699000000|  0%| F|  |TAMS 0x0000000698c00000, 0x0000000698c00000| Untracked 
| 612|0x0000000699000000, 0x0000000699000000, 0x0000000699400000|  0%| F|  |TAMS 0x0000000699000000, 0x0000000699000000| Untracked 
| 613|0x0000000699400000, 0x0000000699400000, 0x0000000699800000|  0%| F|  |TAMS 0x0000000699400000, 0x0000000699400000| Untracked 
| 614|0x0000000699800000, 0x0000000699800000, 0x0000000699c00000|  0%| F|  |TAMS 0x0000000699800000, 0x0000000699800000| Untracked 
| 615|0x0000000699c00000, 0x0000000699c00000, 0x000000069a000000|  0%| F|  |TAMS 0x0000000699c00000, 0x0000000699c00000| Untracked 
| 616|0x000000069a000000, 0x000000069a000000, 0x000000069a400000|  0%| F|  |TAMS 0x000000069a000000, 0x000000069a000000| Untracked 
| 617|0x000000069a400000, 0x000000069a400000, 0x000000069a800000|  0%| F|  |TAMS 0x000000069a400000, 0x000000069a400000| Untracked 
| 618|0x000000069a800000, 0x000000069a800000, 0x000000069ac00000|  0%| F|  |TAMS 0x000000069a800000, 0x000000069a800000| Untracked 
| 619|0x000000069ac00000, 0x000000069ac00000, 0x000000069b000000|  0%| F|  |TAMS 0x000000069ac00000, 0x000000069ac00000| Untracked 
| 620|0x000000069b000000, 0x000000069b000000, 0x000000069b400000|  0%| F|  |TAMS 0x000000069b000000, 0x000000069b000000| Untracked 
| 621|0x000000069b400000, 0x000000069b400000, 0x000000069b800000|  0%| F|  |TAMS 0x000000069b400000, 0x000000069b400000| Untracked 
| 622|0x000000069b800000, 0x000000069b800000, 0x000000069bc00000|  0%| F|  |TAMS 0x000000069b800000, 0x000000069b800000| Untracked 
| 623|0x000000069bc00000, 0x000000069bc00000, 0x000000069c000000|  0%| F|  |TAMS 0x000000069bc00000, 0x000000069bc00000| Untracked 
| 624|0x000000069c000000, 0x000000069c000000, 0x000000069c400000|  0%| F|  |TAMS 0x000000069c000000, 0x000000069c000000| Untracked 
| 625|0x000000069c400000, 0x000000069c400000, 0x000000069c800000|  0%| F|  |TAMS 0x000000069c400000, 0x000000069c400000| Untracked 
| 626|0x000000069c800000, 0x000000069c800000, 0x000000069cc00000|  0%| F|  |TAMS 0x000000069c800000, 0x000000069c800000| Untracked 
| 627|0x000000069cc00000, 0x000000069cc00000, 0x000000069d000000|  0%| F|  |TAMS 0x000000069cc00000, 0x000000069cc00000| Untracked 
| 628|0x000000069d000000, 0x000000069d000000, 0x000000069d400000|  0%| F|  |TAMS 0x000000069d000000, 0x000000069d000000| Untracked 
| 629|0x000000069d400000, 0x000000069d400000, 0x000000069d800000|  0%| F|  |TAMS 0x000000069d400000, 0x000000069d400000| Untracked 
| 630|0x000000069d800000, 0x000000069d800000, 0x000000069dc00000|  0%| F|  |TAMS 0x000000069d800000, 0x000000069d800000| Untracked 
| 631|0x000000069dc00000, 0x000000069dc00000, 0x000000069e000000|  0%| F|  |TAMS 0x000000069dc00000, 0x000000069dc00000| Untracked 
| 632|0x000000069e000000, 0x000000069e000000, 0x000000069e400000|  0%| F|  |TAMS 0x000000069e000000, 0x000000069e000000| Untracked 
| 633|0x000000069e400000, 0x000000069e400000, 0x000000069e800000|  0%| F|  |TAMS 0x000000069e400000, 0x000000069e400000| Untracked 
| 634|0x000000069e800000, 0x000000069e800000, 0x000000069ec00000|  0%| F|  |TAMS 0x000000069e800000, 0x000000069e800000| Untracked 
| 635|0x000000069ec00000, 0x000000069ec00000, 0x000000069f000000|  0%| F|  |TAMS 0x000000069ec00000, 0x000000069ec00000| Untracked 
| 636|0x000000069f000000, 0x000000069f000000, 0x000000069f400000|  0%| F|  |TAMS 0x000000069f000000, 0x000000069f000000| Untracked 
| 637|0x000000069f400000, 0x000000069f400000, 0x000000069f800000|  0%| F|  |TAMS 0x000000069f400000, 0x000000069f400000| Untracked 
| 638|0x000000069f800000, 0x000000069f800000, 0x000000069fc00000|  0%| F|  |TAMS 0x000000069f800000, 0x000000069f800000| Untracked 
| 639|0x000000069fc00000, 0x000000069fc00000, 0x00000006a0000000|  0%| F|  |TAMS 0x000000069fc00000, 0x000000069fc00000| Untracked 
| 640|0x00000006a0000000, 0x00000006a0000000, 0x00000006a0400000|  0%| F|  |TAMS 0x00000006a0000000, 0x00000006a0000000| Untracked 
| 641|0x00000006a0400000, 0x00000006a0400000, 0x00000006a0800000|  0%| F|  |TAMS 0x00000006a0400000, 0x00000006a0400000| Untracked 
| 642|0x00000006a0800000, 0x00000006a0800000, 0x00000006a0c00000|  0%| F|  |TAMS 0x00000006a0800000, 0x00000006a0800000| Untracked 
| 643|0x00000006a0c00000, 0x00000006a0c00000, 0x00000006a1000000|  0%| F|  |TAMS 0x00000006a0c00000, 0x00000006a0c00000| Untracked 
| 644|0x00000006a1000000, 0x00000006a1000000, 0x00000006a1400000|  0%| F|  |TAMS 0x00000006a1000000, 0x00000006a1000000| Untracked 
| 645|0x00000006a1400000, 0x00000006a1400000, 0x00000006a1800000|  0%| F|  |TAMS 0x00000006a1400000, 0x00000006a1400000| Untracked 
| 646|0x00000006a1800000, 0x00000006a1800000, 0x00000006a1c00000|  0%| F|  |TAMS 0x00000006a1800000, 0x00000006a1800000| Untracked 
| 647|0x00000006a1c00000, 0x00000006a1c00000, 0x00000006a2000000|  0%| F|  |TAMS 0x00000006a1c00000, 0x00000006a1c00000| Untracked 
| 648|0x00000006a2000000, 0x00000006a2000000, 0x00000006a2400000|  0%| F|  |TAMS 0x00000006a2000000, 0x00000006a2000000| Untracked 
| 649|0x00000006a2400000, 0x00000006a2400000, 0x00000006a2800000|  0%| F|  |TAMS 0x00000006a2400000, 0x00000006a2400000| Untracked 
| 650|0x00000006a2800000, 0x00000006a2800000, 0x00000006a2c00000|  0%| F|  |TAMS 0x00000006a2800000, 0x00000006a2800000| Untracked 
| 651|0x00000006a2c00000, 0x00000006a2c00000, 0x00000006a3000000|  0%| F|  |TAMS 0x00000006a2c00000, 0x00000006a2c00000| Untracked 
| 652|0x00000006a3000000, 0x00000006a3000000, 0x00000006a3400000|  0%| F|  |TAMS 0x00000006a3000000, 0x00000006a3000000| Untracked 
| 653|0x00000006a3400000, 0x00000006a3400000, 0x00000006a3800000|  0%| F|  |TAMS 0x00000006a3400000, 0x00000006a3400000| Untracked 
| 654|0x00000006a3800000, 0x00000006a3800000, 0x00000006a3c00000|  0%| F|  |TAMS 0x00000006a3800000, 0x00000006a3800000| Untracked 
| 655|0x00000006a3c00000, 0x00000006a3c00000, 0x00000006a4000000|  0%| F|  |TAMS 0x00000006a3c00000, 0x00000006a3c00000| Untracked 
| 656|0x00000006a4000000, 0x00000006a4000000, 0x00000006a4400000|  0%| F|  |TAMS 0x00000006a4000000, 0x00000006a4000000| Untracked 
| 657|0x00000006a4400000, 0x00000006a4400000, 0x00000006a4800000|  0%| F|  |TAMS 0x00000006a4400000, 0x00000006a4400000| Untracked 
| 658|0x00000006a4800000, 0x00000006a4800000, 0x00000006a4c00000|  0%| F|  |TAMS 0x00000006a4800000, 0x00000006a4800000| Untracked 
| 659|0x00000006a4c00000, 0x00000006a4c00000, 0x00000006a5000000|  0%| F|  |TAMS 0x00000006a4c00000, 0x00000006a4c00000| Untracked 
| 660|0x00000006a5000000, 0x00000006a5000000, 0x00000006a5400000|  0%| F|  |TAMS 0x00000006a5000000, 0x00000006a5000000| Untracked 
| 661|0x00000006a5400000, 0x00000006a5400000, 0x00000006a5800000|  0%| F|  |TAMS 0x00000006a5400000, 0x00000006a5400000| Untracked 
| 662|0x00000006a5800000, 0x00000006a5800000, 0x00000006a5c00000|  0%| F|  |TAMS 0x00000006a5800000, 0x00000006a5800000| Untracked 
| 663|0x00000006a5c00000, 0x00000006a5c00000, 0x00000006a6000000|  0%| F|  |TAMS 0x00000006a5c00000, 0x00000006a5c00000| Untracked 
| 664|0x00000006a6000000, 0x00000006a6000000, 0x00000006a6400000|  0%| F|  |TAMS 0x00000006a6000000, 0x00000006a6000000| Untracked 
| 665|0x00000006a6400000, 0x00000006a6400000, 0x00000006a6800000|  0%| F|  |TAMS 0x00000006a6400000, 0x00000006a6400000| Untracked 
| 666|0x00000006a6800000, 0x00000006a6800000, 0x00000006a6c00000|  0%| F|  |TAMS 0x00000006a6800000, 0x00000006a6800000| Untracked 
| 667|0x00000006a6c00000, 0x00000006a6c00000, 0x00000006a7000000|  0%| F|  |TAMS 0x00000006a6c00000, 0x00000006a6c00000| Untracked 
| 668|0x00000006a7000000, 0x00000006a7000000, 0x00000006a7400000|  0%| F|  |TAMS 0x00000006a7000000, 0x00000006a7000000| Untracked 
| 669|0x00000006a7400000, 0x00000006a7400000, 0x00000006a7800000|  0%| F|  |TAMS 0x00000006a7400000, 0x00000006a7400000| Untracked 
| 670|0x00000006a7800000, 0x00000006a7800000, 0x00000006a7c00000|  0%| F|  |TAMS 0x00000006a7800000, 0x00000006a7800000| Untracked 
| 671|0x00000006a7c00000, 0x00000006a7c00000, 0x00000006a8000000|  0%| F|  |TAMS 0x00000006a7c00000, 0x00000006a7c00000| Untracked 
| 672|0x00000006a8000000, 0x00000006a8000000, 0x00000006a8400000|  0%| F|  |TAMS 0x00000006a8000000, 0x00000006a8000000| Untracked 
| 673|0x00000006a8400000, 0x00000006a8400000, 0x00000006a8800000|  0%| F|  |TAMS 0x00000006a8400000, 0x00000006a8400000| Untracked 
| 674|0x00000006a8800000, 0x00000006a8800000, 0x00000006a8c00000|  0%| F|  |TAMS 0x00000006a8800000, 0x00000006a8800000| Untracked 
| 675|0x00000006a8c00000, 0x00000006a8c00000, 0x00000006a9000000|  0%| F|  |TAMS 0x00000006a8c00000, 0x00000006a8c00000| Untracked 
| 676|0x00000006a9000000, 0x00000006a9000000, 0x00000006a9400000|  0%| F|  |TAMS 0x00000006a9000000, 0x00000006a9000000| Untracked 
| 677|0x00000006a9400000, 0x00000006a9400000, 0x00000006a9800000|  0%| F|  |TAMS 0x00000006a9400000, 0x00000006a9400000| Untracked 
| 678|0x00000006a9800000, 0x00000006a9800000, 0x00000006a9c00000|  0%| F|  |TAMS 0x00000006a9800000, 0x00000006a9800000| Untracked 
| 679|0x00000006a9c00000, 0x00000006a9c00000, 0x00000006aa000000|  0%| F|  |TAMS 0x00000006a9c00000, 0x00000006a9c00000| Untracked 
| 680|0x00000006aa000000, 0x00000006aa000000, 0x00000006aa400000|  0%| F|  |TAMS 0x00000006aa000000, 0x00000006aa000000| Untracked 
| 681|0x00000006aa400000, 0x00000006aa400000, 0x00000006aa800000|  0%| F|  |TAMS 0x00000006aa400000, 0x00000006aa400000| Untracked 
| 682|0x00000006aa800000, 0x00000006aa800000, 0x00000006aac00000|  0%| F|  |TAMS 0x00000006aa800000, 0x00000006aa800000| Untracked 
| 683|0x00000006aac00000, 0x00000006aac00000, 0x00000006ab000000|  0%| F|  |TAMS 0x00000006aac00000, 0x00000006aac00000| Untracked 
| 684|0x00000006ab000000, 0x00000006ab000000, 0x00000006ab400000|  0%| F|  |TAMS 0x00000006ab000000, 0x00000006ab000000| Untracked 
| 685|0x00000006ab400000, 0x00000006ab400000, 0x00000006ab800000|  0%| F|  |TAMS 0x00000006ab400000, 0x00000006ab400000| Untracked 
| 686|0x00000006ab800000, 0x00000006ab800000, 0x00000006abc00000|  0%| F|  |TAMS 0x00000006ab800000, 0x00000006ab800000| Untracked 
| 687|0x00000006abc00000, 0x00000006abc00000, 0x00000006ac000000|  0%| F|  |TAMS 0x00000006abc00000, 0x00000006abc00000| Untracked 
| 688|0x00000006ac000000, 0x00000006ac000000, 0x00000006ac400000|  0%| F|  |TAMS 0x00000006ac000000, 0x00000006ac000000| Untracked 
| 689|0x00000006ac400000, 0x00000006ac400000, 0x00000006ac800000|  0%| F|  |TAMS 0x00000006ac400000, 0x00000006ac400000| Untracked 
| 690|0x00000006ac800000, 0x00000006ac800000, 0x00000006acc00000|  0%| F|  |TAMS 0x00000006ac800000, 0x00000006ac800000| Untracked 
| 691|0x00000006acc00000, 0x00000006acc00000, 0x00000006ad000000|  0%| F|  |TAMS 0x00000006acc00000, 0x00000006acc00000| Untracked 
| 692|0x00000006ad000000, 0x00000006ad000000, 0x00000006ad400000|  0%| F|  |TAMS 0x00000006ad000000, 0x00000006ad000000| Untracked 
| 693|0x00000006ad400000, 0x00000006ad400000, 0x00000006ad800000|  0%| F|  |TAMS 0x00000006ad400000, 0x00000006ad400000| Untracked 
| 694|0x00000006ad800000, 0x00000006ad800000, 0x00000006adc00000|  0%| F|  |TAMS 0x00000006ad800000, 0x00000006ad800000| Untracked 
| 695|0x00000006adc00000, 0x00000006adc00000, 0x00000006ae000000|  0%| F|  |TAMS 0x00000006adc00000, 0x00000006adc00000| Untracked 
| 696|0x00000006ae000000, 0x00000006ae000000, 0x00000006ae400000|  0%| F|  |TAMS 0x00000006ae000000, 0x00000006ae000000| Untracked 
| 697|0x00000006ae400000, 0x00000006ae400000, 0x00000006ae800000|  0%| F|  |TAMS 0x00000006ae400000, 0x00000006ae400000| Untracked 
| 698|0x00000006ae800000, 0x00000006ae800000, 0x00000006aec00000|  0%| F|  |TAMS 0x00000006ae800000, 0x00000006ae800000| Untracked 
| 699|0x00000006aec00000, 0x00000006aec00000, 0x00000006af000000|  0%| F|  |TAMS 0x00000006aec00000, 0x00000006aec00000| Untracked 
| 700|0x00000006af000000, 0x00000006af000000, 0x00000006af400000|  0%| F|  |TAMS 0x00000006af000000, 0x00000006af000000| Untracked 
| 701|0x00000006af400000, 0x00000006af400000, 0x00000006af800000|  0%| F|  |TAMS 0x00000006af400000, 0x00000006af400000| Untracked 
| 702|0x00000006af800000, 0x00000006af800000, 0x00000006afc00000|  0%| F|  |TAMS 0x00000006af800000, 0x00000006af800000| Untracked 
| 703|0x00000006afc00000, 0x00000006afc00000, 0x00000006b0000000|  0%| F|  |TAMS 0x00000006afc00000, 0x00000006afc00000| Untracked 
| 704|0x00000006b0000000, 0x00000006b0000000, 0x00000006b0400000|  0%| F|  |TAMS 0x00000006b0000000, 0x00000006b0000000| Untracked 
| 705|0x00000006b0400000, 0x00000006b0400000, 0x00000006b0800000|  0%| F|  |TAMS 0x00000006b0400000, 0x00000006b0400000| Untracked 
| 706|0x00000006b0800000, 0x00000006b0800000, 0x00000006b0c00000|  0%| F|  |TAMS 0x00000006b0800000, 0x00000006b0800000| Untracked 
| 707|0x00000006b0c00000, 0x00000006b0c00000, 0x00000006b1000000|  0%| F|  |TAMS 0x00000006b0c00000, 0x00000006b0c00000| Untracked 
| 708|0x00000006b1000000, 0x00000006b1000000, 0x00000006b1400000|  0%| F|  |TAMS 0x00000006b1000000, 0x00000006b1000000| Untracked 
| 709|0x00000006b1400000, 0x00000006b1400000, 0x00000006b1800000|  0%| F|  |TAMS 0x00000006b1400000, 0x00000006b1400000| Untracked 
| 710|0x00000006b1800000, 0x00000006b1800000, 0x00000006b1c00000|  0%| F|  |TAMS 0x00000006b1800000, 0x00000006b1800000| Untracked 
| 711|0x00000006b1c00000, 0x00000006b1c00000, 0x00000006b2000000|  0%| F|  |TAMS 0x00000006b1c00000, 0x00000006b1c00000| Untracked 
| 712|0x00000006b2000000, 0x00000006b2000000, 0x00000006b2400000|  0%| F|  |TAMS 0x00000006b2000000, 0x00000006b2000000| Untracked 
| 713|0x00000006b2400000, 0x00000006b2400000, 0x00000006b2800000|  0%| F|  |TAMS 0x00000006b2400000, 0x00000006b2400000| Untracked 
| 714|0x00000006b2800000, 0x00000006b2800000, 0x00000006b2c00000|  0%| F|  |TAMS 0x00000006b2800000, 0x00000006b2800000| Untracked 
| 715|0x00000006b2c00000, 0x00000006b2c00000, 0x00000006b3000000|  0%| F|  |TAMS 0x00000006b2c00000, 0x00000006b2c00000| Untracked 
| 716|0x00000006b3000000, 0x00000006b3000000, 0x00000006b3400000|  0%| F|  |TAMS 0x00000006b3000000, 0x00000006b3000000| Untracked 
| 717|0x00000006b3400000, 0x00000006b3400000, 0x00000006b3800000|  0%| F|  |TAMS 0x00000006b3400000, 0x00000006b3400000| Untracked 
| 718|0x00000006b3800000, 0x00000006b3800000, 0x00000006b3c00000|  0%| F|  |TAMS 0x00000006b3800000, 0x00000006b3800000| Untracked 
| 719|0x00000006b3c00000, 0x00000006b3c00000, 0x00000006b4000000|  0%| F|  |TAMS 0x00000006b3c00000, 0x00000006b3c00000| Untracked 
| 720|0x00000006b4000000, 0x00000006b4000000, 0x00000006b4400000|  0%| F|  |TAMS 0x00000006b4000000, 0x00000006b4000000| Untracked 
| 721|0x00000006b4400000, 0x00000006b4400000, 0x00000006b4800000|  0%| F|  |TAMS 0x00000006b4400000, 0x00000006b4400000| Untracked 
| 722|0x00000006b4800000, 0x00000006b4800000, 0x00000006b4c00000|  0%| F|  |TAMS 0x00000006b4800000, 0x00000006b4800000| Untracked 
| 723|0x00000006b4c00000, 0x00000006b4c00000, 0x00000006b5000000|  0%| F|  |TAMS 0x00000006b4c00000, 0x00000006b4c00000| Untracked 
| 724|0x00000006b5000000, 0x00000006b5000000, 0x00000006b5400000|  0%| F|  |TAMS 0x00000006b5000000, 0x00000006b5000000| Untracked 
| 725|0x00000006b5400000, 0x00000006b5400000, 0x00000006b5800000|  0%| F|  |TAMS 0x00000006b5400000, 0x00000006b5400000| Untracked 
| 726|0x00000006b5800000, 0x00000006b5800000, 0x00000006b5c00000|  0%| F|  |TAMS 0x00000006b5800000, 0x00000006b5800000| Untracked 
| 727|0x00000006b5c00000, 0x00000006b5c00000, 0x00000006b6000000|  0%| F|  |TAMS 0x00000006b5c00000, 0x00000006b5c00000| Untracked 
| 728|0x00000006b6000000, 0x00000006b6000000, 0x00000006b6400000|  0%| F|  |TAMS 0x00000006b6000000, 0x00000006b6000000| Untracked 
| 729|0x00000006b6400000, 0x00000006b6400000, 0x00000006b6800000|  0%| F|  |TAMS 0x00000006b6400000, 0x00000006b6400000| Untracked 
| 730|0x00000006b6800000, 0x00000006b6800000, 0x00000006b6c00000|  0%| F|  |TAMS 0x00000006b6800000, 0x00000006b6800000| Untracked 
| 731|0x00000006b6c00000, 0x00000006b6c00000, 0x00000006b7000000|  0%| F|  |TAMS 0x00000006b6c00000, 0x00000006b6c00000| Untracked 
| 732|0x00000006b7000000, 0x00000006b7000000, 0x00000006b7400000|  0%| F|  |TAMS 0x00000006b7000000, 0x00000006b7000000| Untracked 
| 733|0x00000006b7400000, 0x00000006b7400000, 0x00000006b7800000|  0%| F|  |TAMS 0x00000006b7400000, 0x00000006b7400000| Untracked 
| 734|0x00000006b7800000, 0x00000006b7800000, 0x00000006b7c00000|  0%| F|  |TAMS 0x00000006b7800000, 0x00000006b7800000| Untracked 
| 735|0x00000006b7c00000, 0x00000006b7c00000, 0x00000006b8000000|  0%| F|  |TAMS 0x00000006b7c00000, 0x00000006b7c00000| Untracked 
| 736|0x00000006b8000000, 0x00000006b8000000, 0x00000006b8400000|  0%| F|  |TAMS 0x00000006b8000000, 0x00000006b8000000| Untracked 
| 737|0x00000006b8400000, 0x00000006b8400000, 0x00000006b8800000|  0%| F|  |TAMS 0x00000006b8400000, 0x00000006b8400000| Untracked 
| 738|0x00000006b8800000, 0x00000006b8800000, 0x00000006b8c00000|  0%| F|  |TAMS 0x00000006b8800000, 0x00000006b8800000| Untracked 
| 739|0x00000006b8c00000, 0x00000006b8c00000, 0x00000006b9000000|  0%| F|  |TAMS 0x00000006b8c00000, 0x00000006b8c00000| Untracked 
| 740|0x00000006b9000000, 0x00000006b9000000, 0x00000006b9400000|  0%| F|  |TAMS 0x00000006b9000000, 0x00000006b9000000| Untracked 
| 741|0x00000006b9400000, 0x00000006b9400000, 0x00000006b9800000|  0%| F|  |TAMS 0x00000006b9400000, 0x00000006b9400000| Untracked 
| 742|0x00000006b9800000, 0x00000006b9800000, 0x00000006b9c00000|  0%| F|  |TAMS 0x00000006b9800000, 0x00000006b9800000| Untracked 
| 743|0x00000006b9c00000, 0x00000006b9c00000, 0x00000006ba000000|  0%| F|  |TAMS 0x00000006b9c00000, 0x00000006b9c00000| Untracked 
| 744|0x00000006ba000000, 0x00000006ba000000, 0x00000006ba400000|  0%| F|  |TAMS 0x00000006ba000000, 0x00000006ba000000| Untracked 
| 745|0x00000006ba400000, 0x00000006ba400000, 0x00000006ba800000|  0%| F|  |TAMS 0x00000006ba400000, 0x00000006ba400000| Untracked 
| 746|0x00000006ba800000, 0x00000006ba800000, 0x00000006bac00000|  0%| F|  |TAMS 0x00000006ba800000, 0x00000006ba800000| Untracked 
| 747|0x00000006bac00000, 0x00000006bac00000, 0x00000006bb000000|  0%| F|  |TAMS 0x00000006bac00000, 0x00000006bac00000| Untracked 
| 748|0x00000006bb000000, 0x00000006bb000000, 0x00000006bb400000|  0%| F|  |TAMS 0x00000006bb000000, 0x00000006bb000000| Untracked 
| 749|0x00000006bb400000, 0x00000006bb400000, 0x00000006bb800000|  0%| F|  |TAMS 0x00000006bb400000, 0x00000006bb400000| Untracked 
| 750|0x00000006bb800000, 0x00000006bb800000, 0x00000006bbc00000|  0%| F|  |TAMS 0x00000006bb800000, 0x00000006bb800000| Untracked 
| 751|0x00000006bbc00000, 0x00000006bbc00000, 0x00000006bc000000|  0%| F|  |TAMS 0x00000006bbc00000, 0x00000006bbc00000| Untracked 
| 752|0x00000006bc000000, 0x00000006bc000000, 0x00000006bc400000|  0%| F|  |TAMS 0x00000006bc000000, 0x00000006bc000000| Untracked 
| 753|0x00000006bc400000, 0x00000006bc400000, 0x00000006bc800000|  0%| F|  |TAMS 0x00000006bc400000, 0x00000006bc400000| Untracked 
| 754|0x00000006bc800000, 0x00000006bc800000, 0x00000006bcc00000|  0%| F|  |TAMS 0x00000006bc800000, 0x00000006bc800000| Untracked 
| 755|0x00000006bcc00000, 0x00000006bcc00000, 0x00000006bd000000|  0%| F|  |TAMS 0x00000006bcc00000, 0x00000006bcc00000| Untracked 
| 756|0x00000006bd000000, 0x00000006bd000000, 0x00000006bd400000|  0%| F|  |TAMS 0x00000006bd000000, 0x00000006bd000000| Untracked 
| 757|0x00000006bd400000, 0x00000006bd400000, 0x00000006bd800000|  0%| F|  |TAMS 0x00000006bd400000, 0x00000006bd400000| Untracked 
| 758|0x00000006bd800000, 0x00000006bd800000, 0x00000006bdc00000|  0%| F|  |TAMS 0x00000006bd800000, 0x00000006bd800000| Untracked 
| 759|0x00000006bdc00000, 0x00000006bdc00000, 0x00000006be000000|  0%| F|  |TAMS 0x00000006bdc00000, 0x00000006bdc00000| Untracked 
| 760|0x00000006be000000, 0x00000006be000000, 0x00000006be400000|  0%| F|  |TAMS 0x00000006be000000, 0x00000006be000000| Untracked 
| 761|0x00000006be400000, 0x00000006be400000, 0x00000006be800000|  0%| F|  |TAMS 0x00000006be400000, 0x00000006be400000| Untracked 
| 762|0x00000006be800000, 0x00000006be800000, 0x00000006bec00000|  0%| F|  |TAMS 0x00000006be800000, 0x00000006be800000| Untracked 
| 763|0x00000006bec00000, 0x00000006bec00000, 0x00000006bf000000|  0%| F|  |TAMS 0x00000006bec00000, 0x00000006bec00000| Untracked 
| 764|0x00000006bf000000, 0x00000006bf000000, 0x00000006bf400000|  0%| F|  |TAMS 0x00000006bf000000, 0x00000006bf000000| Untracked 
| 765|0x00000006bf400000, 0x00000006bf400000, 0x00000006bf800000|  0%| F|  |TAMS 0x00000006bf400000, 0x00000006bf400000| Untracked 
| 766|0x00000006bf800000, 0x00000006bf800000, 0x00000006bfc00000|  0%| F|  |TAMS 0x00000006bf800000, 0x00000006bf800000| Untracked 
| 767|0x00000006bfc00000, 0x00000006bfc00000, 0x00000006c0000000|  0%| F|  |TAMS 0x00000006bfc00000, 0x00000006bfc00000| Untracked 
| 768|0x00000006c0000000, 0x00000006c0000000, 0x00000006c0400000|  0%| F|  |TAMS 0x00000006c0000000, 0x00000006c0000000| Untracked 
| 769|0x00000006c0400000, 0x00000006c0400000, 0x00000006c0800000|  0%| F|  |TAMS 0x00000006c0400000, 0x00000006c0400000| Untracked 
| 770|0x00000006c0800000, 0x00000006c0800000, 0x00000006c0c00000|  0%| F|  |TAMS 0x00000006c0800000, 0x00000006c0800000| Untracked 
| 771|0x00000006c0c00000, 0x00000006c0c00000, 0x00000006c1000000|  0%| F|  |TAMS 0x00000006c0c00000, 0x00000006c0c00000| Untracked 
| 772|0x00000006c1000000, 0x00000006c1000000, 0x00000006c1400000|  0%| F|  |TAMS 0x00000006c1000000, 0x00000006c1000000| Untracked 
| 773|0x00000006c1400000, 0x00000006c1400000, 0x00000006c1800000|  0%| F|  |TAMS 0x00000006c1400000, 0x00000006c1400000| Untracked 
| 774|0x00000006c1800000, 0x00000006c1800000, 0x00000006c1c00000|  0%| F|  |TAMS 0x00000006c1800000, 0x00000006c1800000| Untracked 
| 775|0x00000006c1c00000, 0x00000006c1c00000, 0x00000006c2000000|  0%| F|  |TAMS 0x00000006c1c00000, 0x00000006c1c00000| Untracked 
| 776|0x00000006c2000000, 0x00000006c2000000, 0x00000006c2400000|  0%| F|  |TAMS 0x00000006c2000000, 0x00000006c2000000| Untracked 
| 777|0x00000006c2400000, 0x00000006c2400000, 0x00000006c2800000|  0%| F|  |TAMS 0x00000006c2400000, 0x00000006c2400000| Untracked 
| 778|0x00000006c2800000, 0x00000006c2800000, 0x00000006c2c00000|  0%| F|  |TAMS 0x00000006c2800000, 0x00000006c2800000| Untracked 
| 779|0x00000006c2c00000, 0x00000006c2c00000, 0x00000006c3000000|  0%| F|  |TAMS 0x00000006c2c00000, 0x00000006c2c00000| Untracked 
| 780|0x00000006c3000000, 0x00000006c3000000, 0x00000006c3400000|  0%| F|  |TAMS 0x00000006c3000000, 0x00000006c3000000| Untracked 
| 781|0x00000006c3400000, 0x00000006c3400000, 0x00000006c3800000|  0%| F|  |TAMS 0x00000006c3400000, 0x00000006c3400000| Untracked 
| 782|0x00000006c3800000, 0x00000006c3800000, 0x00000006c3c00000|  0%| F|  |TAMS 0x00000006c3800000, 0x00000006c3800000| Untracked 
| 783|0x00000006c3c00000, 0x00000006c3c00000, 0x00000006c4000000|  0%| F|  |TAMS 0x00000006c3c00000, 0x00000006c3c00000| Untracked 
| 784|0x00000006c4000000, 0x00000006c4000000, 0x00000006c4400000|  0%| F|  |TAMS 0x00000006c4000000, 0x00000006c4000000| Untracked 
| 785|0x00000006c4400000, 0x00000006c4400000, 0x00000006c4800000|  0%| F|  |TAMS 0x00000006c4400000, 0x00000006c4400000| Untracked 
| 786|0x00000006c4800000, 0x00000006c4800000, 0x00000006c4c00000|  0%| F|  |TAMS 0x00000006c4800000, 0x00000006c4800000| Untracked 
| 787|0x00000006c4c00000, 0x00000006c4c00000, 0x00000006c5000000|  0%| F|  |TAMS 0x00000006c4c00000, 0x00000006c4c00000| Untracked 
| 788|0x00000006c5000000, 0x00000006c5000000, 0x00000006c5400000|  0%| F|  |TAMS 0x00000006c5000000, 0x00000006c5000000| Untracked 
| 789|0x00000006c5400000, 0x00000006c5400000, 0x00000006c5800000|  0%| F|  |TAMS 0x00000006c5400000, 0x00000006c5400000| Untracked 
| 790|0x00000006c5800000, 0x00000006c5800000, 0x00000006c5c00000|  0%| F|  |TAMS 0x00000006c5800000, 0x00000006c5800000| Untracked 
| 791|0x00000006c5c00000, 0x00000006c5c00000, 0x00000006c6000000|  0%| F|  |TAMS 0x00000006c5c00000, 0x00000006c5c00000| Untracked 
| 792|0x00000006c6000000, 0x00000006c6000000, 0x00000006c6400000|  0%| F|  |TAMS 0x00000006c6000000, 0x00000006c6000000| Untracked 
| 793|0x00000006c6400000, 0x00000006c6400000, 0x00000006c6800000|  0%| F|  |TAMS 0x00000006c6400000, 0x00000006c6400000| Untracked 
| 794|0x00000006c6800000, 0x00000006c6800000, 0x00000006c6c00000|  0%| F|  |TAMS 0x00000006c6800000, 0x00000006c6800000| Untracked 
| 795|0x00000006c6c00000, 0x00000006c6c00000, 0x00000006c7000000|  0%| F|  |TAMS 0x00000006c6c00000, 0x00000006c6c00000| Untracked 
| 796|0x00000006c7000000, 0x00000006c7000000, 0x00000006c7400000|  0%| F|  |TAMS 0x00000006c7000000, 0x00000006c7000000| Untracked 
| 797|0x00000006c7400000, 0x00000006c7400000, 0x00000006c7800000|  0%| F|  |TAMS 0x00000006c7400000, 0x00000006c7400000| Untracked 
| 798|0x00000006c7800000, 0x00000006c7800000, 0x00000006c7c00000|  0%| F|  |TAMS 0x00000006c7800000, 0x00000006c7800000| Untracked 
| 799|0x00000006c7c00000, 0x00000006c7c00000, 0x00000006c8000000|  0%| F|  |TAMS 0x00000006c7c00000, 0x00000006c7c00000| Untracked 
| 800|0x00000006c8000000, 0x00000006c8000000, 0x00000006c8400000|  0%| F|  |TAMS 0x00000006c8000000, 0x00000006c8000000| Untracked 
| 801|0x00000006c8400000, 0x00000006c8400000, 0x00000006c8800000|  0%| F|  |TAMS 0x00000006c8400000, 0x00000006c8400000| Untracked 
| 802|0x00000006c8800000, 0x00000006c8800000, 0x00000006c8c00000|  0%| F|  |TAMS 0x00000006c8800000, 0x00000006c8800000| Untracked 
| 803|0x00000006c8c00000, 0x00000006c8c00000, 0x00000006c9000000|  0%| F|  |TAMS 0x00000006c8c00000, 0x00000006c8c00000| Untracked 
| 804|0x00000006c9000000, 0x00000006c9000000, 0x00000006c9400000|  0%| F|  |TAMS 0x00000006c9000000, 0x00000006c9000000| Untracked 
| 805|0x00000006c9400000, 0x00000006c9400000, 0x00000006c9800000|  0%| F|  |TAMS 0x00000006c9400000, 0x00000006c9400000| Untracked 
| 806|0x00000006c9800000, 0x00000006c9800000, 0x00000006c9c00000|  0%| F|  |TAMS 0x00000006c9800000, 0x00000006c9800000| Untracked 
| 807|0x00000006c9c00000, 0x00000006c9c00000, 0x00000006ca000000|  0%| F|  |TAMS 0x00000006c9c00000, 0x00000006c9c00000| Untracked 
| 808|0x00000006ca000000, 0x00000006ca000000, 0x00000006ca400000|  0%| F|  |TAMS 0x00000006ca000000, 0x00000006ca000000| Untracked 
| 809|0x00000006ca400000, 0x00000006ca400000, 0x00000006ca800000|  0%| F|  |TAMS 0x00000006ca400000, 0x00000006ca400000| Untracked 
| 810|0x00000006ca800000, 0x00000006ca800000, 0x00000006cac00000|  0%| F|  |TAMS 0x00000006ca800000, 0x00000006ca800000| Untracked 
| 811|0x00000006cac00000, 0x00000006cac00000, 0x00000006cb000000|  0%| F|  |TAMS 0x00000006cac00000, 0x00000006cac00000| Untracked 
| 812|0x00000006cb000000, 0x00000006cb000000, 0x00000006cb400000|  0%| F|  |TAMS 0x00000006cb000000, 0x00000006cb000000| Untracked 
| 813|0x00000006cb400000, 0x00000006cb400000, 0x00000006cb800000|  0%| F|  |TAMS 0x00000006cb400000, 0x00000006cb400000| Untracked 
| 814|0x00000006cb800000, 0x00000006cb800000, 0x00000006cbc00000|  0%| F|  |TAMS 0x00000006cb800000, 0x00000006cb800000| Untracked 
| 815|0x00000006cbc00000, 0x00000006cbc00000, 0x00000006cc000000|  0%| F|  |TAMS 0x00000006cbc00000, 0x00000006cbc00000| Untracked 
| 816|0x00000006cc000000, 0x00000006cc000000, 0x00000006cc400000|  0%| F|  |TAMS 0x00000006cc000000, 0x00000006cc000000| Untracked 
| 817|0x00000006cc400000, 0x00000006cc400000, 0x00000006cc800000|  0%| F|  |TAMS 0x00000006cc400000, 0x00000006cc400000| Untracked 
| 818|0x00000006cc800000, 0x00000006cc800000, 0x00000006ccc00000|  0%| F|  |TAMS 0x00000006cc800000, 0x00000006cc800000| Untracked 
| 819|0x00000006ccc00000, 0x00000006ccc00000, 0x00000006cd000000|  0%| F|  |TAMS 0x00000006ccc00000, 0x00000006ccc00000| Untracked 
| 820|0x00000006cd000000, 0x00000006cd000000, 0x00000006cd400000|  0%| F|  |TAMS 0x00000006cd000000, 0x00000006cd000000| Untracked 
| 821|0x00000006cd400000, 0x00000006cd400000, 0x00000006cd800000|  0%| F|  |TAMS 0x00000006cd400000, 0x00000006cd400000| Untracked 
| 822|0x00000006cd800000, 0x00000006cd800000, 0x00000006cdc00000|  0%| F|  |TAMS 0x00000006cd800000, 0x00000006cd800000| Untracked 
| 823|0x00000006cdc00000, 0x00000006cdc00000, 0x00000006ce000000|  0%| F|  |TAMS 0x00000006cdc00000, 0x00000006cdc00000| Untracked 
| 824|0x00000006ce000000, 0x00000006ce000000, 0x00000006ce400000|  0%| F|  |TAMS 0x00000006ce000000, 0x00000006ce000000| Untracked 
| 825|0x00000006ce400000, 0x00000006ce400000, 0x00000006ce800000|  0%| F|  |TAMS 0x00000006ce400000, 0x00000006ce400000| Untracked 
| 826|0x00000006ce800000, 0x00000006ce800000, 0x00000006cec00000|  0%| F|  |TAMS 0x00000006ce800000, 0x00000006ce800000| Untracked 
| 827|0x00000006cec00000, 0x00000006cec00000, 0x00000006cf000000|  0%| F|  |TAMS 0x00000006cec00000, 0x00000006cec00000| Untracked 
| 828|0x00000006cf000000, 0x00000006cf000000, 0x00000006cf400000|  0%| F|  |TAMS 0x00000006cf000000, 0x00000006cf000000| Untracked 
| 829|0x00000006cf400000, 0x00000006cf400000, 0x00000006cf800000|  0%| F|  |TAMS 0x00000006cf400000, 0x00000006cf400000| Untracked 
| 830|0x00000006cf800000, 0x00000006cf800000, 0x00000006cfc00000|  0%| F|  |TAMS 0x00000006cf800000, 0x00000006cf800000| Untracked 
| 831|0x00000006cfc00000, 0x00000006cfc00000, 0x00000006d0000000|  0%| F|  |TAMS 0x00000006cfc00000, 0x00000006cfc00000| Untracked 
| 832|0x00000006d0000000, 0x00000006d02930b0, 0x00000006d0400000| 64%| S|CS|TAMS 0x00000006d0000000, 0x00000006d0000000| Complete 
| 833|0x00000006d0400000, 0x00000006d0800000, 0x00000006d0800000|100%| S|CS|TAMS 0x00000006d0400000, 0x00000006d0400000| Complete 
| 834|0x00000006d0800000, 0x00000006d0c00000, 0x00000006d0c00000|100%| S|CS|TAMS 0x00000006d0800000, 0x00000006d0800000| Complete 
| 835|0x00000006d0c00000, 0x00000006d1000000, 0x00000006d1000000|100%| S|CS|TAMS 0x00000006d0c00000, 0x00000006d0c00000| Complete 
| 836|0x00000006d1000000, 0x00000006d1000000, 0x00000006d1400000|  0%| F|  |TAMS 0x00000006d1000000, 0x00000006d1000000| Untracked 
| 837|0x00000006d1400000, 0x00000006d1400000, 0x00000006d1800000|  0%| F|  |TAMS 0x00000006d1400000, 0x00000006d1400000| Untracked 
| 838|0x00000006d1800000, 0x00000006d1800000, 0x00000006d1c00000|  0%| F|  |TAMS 0x00000006d1800000, 0x00000006d1800000| Untracked 
| 839|0x00000006d1c00000, 0x00000006d1c00000, 0x00000006d2000000|  0%| F|  |TAMS 0x00000006d1c00000, 0x00000006d1c00000| Untracked 
| 840|0x00000006d2000000, 0x00000006d2000000, 0x00000006d2400000|  0%| F|  |TAMS 0x00000006d2000000, 0x00000006d2000000| Untracked 
| 841|0x00000006d2400000, 0x00000006d2400000, 0x00000006d2800000|  0%| F|  |TAMS 0x00000006d2400000, 0x00000006d2400000| Untracked 
| 842|0x00000006d2800000, 0x00000006d2800000, 0x00000006d2c00000|  0%| F|  |TAMS 0x00000006d2800000, 0x00000006d2800000| Untracked 
| 843|0x00000006d2c00000, 0x00000006d2c00000, 0x00000006d3000000|  0%| F|  |TAMS 0x00000006d2c00000, 0x00000006d2c00000| Untracked 
| 844|0x00000006d3000000, 0x00000006d3000000, 0x00000006d3400000|  0%| F|  |TAMS 0x00000006d3000000, 0x00000006d3000000| Untracked 
| 845|0x00000006d3400000, 0x00000006d3400000, 0x00000006d3800000|  0%| F|  |TAMS 0x00000006d3400000, 0x00000006d3400000| Untracked 
| 846|0x00000006d3800000, 0x00000006d3800000, 0x00000006d3c00000|  0%| F|  |TAMS 0x00000006d3800000, 0x00000006d3800000| Untracked 
| 847|0x00000006d3c00000, 0x00000006d3c00000, 0x00000006d4000000|  0%| F|  |TAMS 0x00000006d3c00000, 0x00000006d3c00000| Untracked 
| 848|0x00000006d4000000, 0x00000006d4000000, 0x00000006d4400000|  0%| F|  |TAMS 0x00000006d4000000, 0x00000006d4000000| Untracked 
| 849|0x00000006d4400000, 0x00000006d4400000, 0x00000006d4800000|  0%| F|  |TAMS 0x00000006d4400000, 0x00000006d4400000| Untracked 
| 850|0x00000006d4800000, 0x00000006d4800000, 0x00000006d4c00000|  0%| F|  |TAMS 0x00000006d4800000, 0x00000006d4800000| Untracked 
| 851|0x00000006d4c00000, 0x00000006d4c00000, 0x00000006d5000000|  0%| F|  |TAMS 0x00000006d4c00000, 0x00000006d4c00000| Untracked 
| 852|0x00000006d5000000, 0x00000006d5000000, 0x00000006d5400000|  0%| F|  |TAMS 0x00000006d5000000, 0x00000006d5000000| Untracked 
| 853|0x00000006d5400000, 0x00000006d5400000, 0x00000006d5800000|  0%| F|  |TAMS 0x00000006d5400000, 0x00000006d5400000| Untracked 
| 854|0x00000006d5800000, 0x00000006d5800000, 0x00000006d5c00000|  0%| F|  |TAMS 0x00000006d5800000, 0x00000006d5800000| Untracked 
| 855|0x00000006d5c00000, 0x00000006d5c00000, 0x00000006d6000000|  0%| F|  |TAMS 0x00000006d5c00000, 0x00000006d5c00000| Untracked 
| 856|0x00000006d6000000, 0x00000006d6000000, 0x00000006d6400000|  0%| F|  |TAMS 0x00000006d6000000, 0x00000006d6000000| Untracked 
| 857|0x00000006d6400000, 0x00000006d6400000, 0x00000006d6800000|  0%| F|  |TAMS 0x00000006d6400000, 0x00000006d6400000| Untracked 
| 858|0x00000006d6800000, 0x00000006d6800000, 0x00000006d6c00000|  0%| F|  |TAMS 0x00000006d6800000, 0x00000006d6800000| Untracked 
| 859|0x00000006d6c00000, 0x00000006d6c00000, 0x00000006d7000000|  0%| F|  |TAMS 0x00000006d6c00000, 0x00000006d6c00000| Untracked 
| 860|0x00000006d7000000, 0x00000006d7000000, 0x00000006d7400000|  0%| F|  |TAMS 0x00000006d7000000, 0x00000006d7000000| Untracked 
| 861|0x00000006d7400000, 0x00000006d7400000, 0x00000006d7800000|  0%| F|  |TAMS 0x00000006d7400000, 0x00000006d7400000| Untracked 
| 862|0x00000006d7800000, 0x00000006d7800000, 0x00000006d7c00000|  0%| F|  |TAMS 0x00000006d7800000, 0x00000006d7800000| Untracked 
| 863|0x00000006d7c00000, 0x00000006d7c00000, 0x00000006d8000000|  0%| F|  |TAMS 0x00000006d7c00000, 0x00000006d7c00000| Untracked 
| 864|0x00000006d8000000, 0x00000006d8000000, 0x00000006d8400000|  0%| F|  |TAMS 0x00000006d8000000, 0x00000006d8000000| Untracked 
| 865|0x00000006d8400000, 0x00000006d8400000, 0x00000006d8800000|  0%| F|  |TAMS 0x00000006d8400000, 0x00000006d8400000| Untracked 
| 866|0x00000006d8800000, 0x00000006d8800000, 0x00000006d8c00000|  0%| F|  |TAMS 0x00000006d8800000, 0x00000006d8800000| Untracked 
| 867|0x00000006d8c00000, 0x00000006d8c00000, 0x00000006d9000000|  0%| F|  |TAMS 0x00000006d8c00000, 0x00000006d8c00000| Untracked 
| 868|0x00000006d9000000, 0x00000006d9000000, 0x00000006d9400000|  0%| F|  |TAMS 0x00000006d9000000, 0x00000006d9000000| Untracked 
| 869|0x00000006d9400000, 0x00000006d9400000, 0x00000006d9800000|  0%| F|  |TAMS 0x00000006d9400000, 0x00000006d9400000| Untracked 
| 870|0x00000006d9800000, 0x00000006d9800000, 0x00000006d9c00000|  0%| F|  |TAMS 0x00000006d9800000, 0x00000006d9800000| Untracked 
| 871|0x00000006d9c00000, 0x00000006d9c00000, 0x00000006da000000|  0%| F|  |TAMS 0x00000006d9c00000, 0x00000006d9c00000| Untracked 
| 872|0x00000006da000000, 0x00000006da000000, 0x00000006da400000|  0%| F|  |TAMS 0x00000006da000000, 0x00000006da000000| Untracked 
| 873|0x00000006da400000, 0x00000006da400000, 0x00000006da800000|  0%| F|  |TAMS 0x00000006da400000, 0x00000006da400000| Untracked 
| 874|0x00000006da800000, 0x00000006da800000, 0x00000006dac00000|  0%| F|  |TAMS 0x00000006da800000, 0x00000006da800000| Untracked 

Card table byte_map: [0x0000023676c60000,0x0000023677c60000] _byte_map_base: 0x0000023673c60000

Marking Bits (Prev, Next): (CMBitMap*) 0x000002366dce7570, (CMBitMap*) 0x000002366dce7530
 Prev Bits: [0x0000023628000000, 0x0000023630000000)
 Next Bits: [0x0000023620000000, 0x0000023628000000)

Polling page: 0x000002366bba0000

Metaspace:

Usage:
  Non-class:    225.90 MB used.
      Class:     33.48 MB used.
       Both:    259.37 MB used.

Virtual space:
  Non-class space:      256.00 MB reserved,     227.38 MB ( 89%) committed,  4 nodes.
      Class space:        1.00 GB reserved,      34.69 MB (  3%) committed,  1 nodes.
             Both:        1.25 GB reserved,     262.06 MB ( 20%) committed. 

Chunk freelists:
   Non-Class:  12.03 MB
       Class:  13.33 MB
        Both:  25.36 MB

MaxMetaspaceSize: 4.00 GB
CompressedClassSpaceSize: 1.00 GB
Initial GC threshold: 21.00 MB
Current GC threshold: 431.06 MB
CDS: on
MetaspaceReclaimPolicy: balanced
 - commit_granule_bytes: 65536.
 - commit_granule_words: 8192.
 - virtual_space_node_default_size: 8388608.
 - enlarge_chunks_in_place: 1.
 - new_chunks_are_fully_committed: 0.
 - uncommit_free_chunks: 1.
 - use_allocation_guard: 0.
 - handle_deallocations: 1.


Internal statistics:

num_allocs_failed_limit: 108.
num_arena_births: 4256.
num_arena_deaths: 60.
num_vsnodes_births: 5.
num_vsnodes_deaths: 0.
num_space_committed: 4187.
num_space_uncommitted: 0.
num_chunks_returned_to_freelist: 197.
num_chunks_taken_from_freelist: 16231.
num_chunk_merges: 132.
num_chunk_splits: 10678.
num_chunks_enlarged: 6619.
num_inconsistent_stats: 0.

CodeHeap 'non-profiled nmethods': size=259264Kb used=28711Kb max_used=29264Kb free=230552Kb
 bounds [0x00000236102d0000, 0x0000023611f70000, 0x0000023620000000]
CodeHeap 'profiled nmethods': size=259264Kb used=69158Kb max_used=69158Kb free=190105Kb
 bounds [0x0000023600000000, 0x00000236043f0000, 0x000002360fd30000]
CodeHeap 'non-nmethods': size=5760Kb used=2756Kb max_used=2854Kb free=3003Kb
 bounds [0x000002360fd30000, 0x0000023610020000, 0x00000236102d0000]
 total_blobs=37281 nmethods=35935 adapters=1256
 compilation: enabled
              stopped_count=0, restarted_count=0
 full_count=0

Compilation events (20 events):
Event: 416.568 Thread 0x000002367af59b90 nmethod 50235 0x0000023603c02010 code [0x0000023603c021e0, 0x0000023603c024a8]
Event: 416.569 Thread 0x000002367af59b90 50220       3       com.android.tools.r8.internal.E4::a (112 bytes)
Event: 416.570 Thread 0x000002367af59b90 nmethod 50220 0x0000023603b11810 code [0x0000023603b11ae0, 0x0000023603b12cd8]
Event: 416.570 Thread 0x000002367af59b90 50291       3       com.android.tools.r8.internal.Hm0$$Lambda$7111/0x000002367f270d38::test (8 bytes)
Event: 416.571 Thread 0x000002367af59b90 nmethod 50291 0x0000023603f26e10 code [0x0000023603f26fe0, 0x0000023603f27358]
Event: 416.571 Thread 0x000002367af59b90 50292       3       com.android.tools.r8.internal.Hm0::a (8 bytes)
Event: 416.571 Thread 0x000002367af59b90 nmethod 50292 0x0000023603f89b10 code [0x0000023603f89cc0, 0x0000023603f89eb8]
Event: 416.571 Thread 0x000002367af59b90 50113       1       com.android.tools.r8.internal.Yn0::h2 (2 bytes)
Event: 416.571 Thread 0x000002367af59b90 nmethod 50113 0x0000023611ecce90 code [0x0000023611ecd020, 0x0000023611ecd0f8]
Event: 416.571 Thread 0x000002367af59b90 50222       3       com.android.tools.r8.internal.kI$$Lambda$6596/0x000002367f1f8d48::test (12 bytes)
Event: 416.571 Thread 0x000002367af59b90 nmethod 50222 0x0000023604168410 code [0x00000236041685c0, 0x00000236041689f8]
Event: 416.571 Thread 0x000002367af59b90 50230       3       com.android.tools.r8.internal.kI::a (24 bytes)
Event: 416.571 Thread 0x000002367af59b90 nmethod 50230 0x00000236040bf210 code [0x00000236040bf3c0, 0x00000236040bf698]
Event: 416.571 Thread 0x000002367af59b90 50239       3       com.android.tools.r8.internal.Uv0::<init> (27 bytes)
Event: 416.574 Thread 0x000002367af59b90 nmethod 50239 0x00000236035e3110 code [0x00000236035e32e0, 0x00000236035e3858]
Event: 416.574 Thread 0x000002367af59b90 50324       3       com.android.tools.r8.internal.wV::a (308 bytes)
Event: 416.576 Thread 0x000002367af59b90 nmethod 50324 0x0000023603fb5710 code [0x0000023603fb5a60, 0x0000023603fb70a8]
Event: 416.576 Thread 0x000002367af59b90 50326       3       com.android.tools.r8.ir.optimize.W::b (145 bytes)
Event: 416.578 Thread 0x000002367af59b90 nmethod 50326 0x00000236043de690 code [0x00000236043de9c0, 0x00000236043e00b8]
Event: 416.578 Thread 0x000002367af59b90 50325       3       com.android.tools.r8.ir.optimize.W::a (1506 bytes)

GC Heap History (20 events):
Event: 384.303 GC heap after
{Heap after GC invocations=103 (full 0):
 garbage-first heap   total 3100672K, used 1052122K [0x0000000600000000, 0x0000000800000000)
  region size 4096K, 4 young (16384K), 4 survivors (16384K)
 Metaspace       used 254291K, committed 257024K, reserved 1310720K
  class space    used 32547K, committed 33792K, reserved 1048576K
}
Event: 390.973 GC heap before
{Heap before GC invocations=103 (full 0):
 garbage-first heap   total 3100672K, used 2137562K [0x0000000600000000, 0x0000000800000000)
  region size 4096K, 255 young (1044480K), 4 survivors (16384K)
 Metaspace       used 257385K, committed 260160K, reserved 1310720K
  class space    used 33038K, committed 34304K, reserved 1048576K
}
Event: 391.032 GC heap after
{Heap after GC invocations=104 (full 0):
 garbage-first heap   total 3100672K, used 1076656K [0x0000000600000000, 0x0000000800000000)
  region size 4096K, 9 young (36864K), 9 survivors (36864K)
 Metaspace       used 257385K, committed 260160K, reserved 1310720K
  class space    used 33038K, committed 34304K, reserved 1048576K
}
Event: 392.825 GC heap before
{Heap before GC invocations=104 (full 0):
 garbage-first heap   total 3100672K, used 1969584K [0x0000000600000000, 0x0000000800000000)
  region size 4096K, 227 young (929792K), 9 survivors (36864K)
 Metaspace       used 257441K, committed 260160K, reserved 1310720K
  class space    used 33039K, committed 34304K, reserved 1048576K
}
Event: 392.868 GC heap after
{Heap after GC invocations=105 (full 0):
 garbage-first heap   total 3100672K, used 1086374K [0x0000000600000000, 0x0000000800000000)
  region size 4096K, 11 young (45056K), 11 survivors (45056K)
 Metaspace       used 257441K, committed 260160K, reserved 1310720K
  class space    used 33039K, committed 34304K, reserved 1048576K
}
Event: 394.788 GC heap before
{Heap before GC invocations=105 (full 0):
 garbage-first heap   total 3100672K, used 2204582K [0x0000000600000000, 0x0000000800000000)
  region size 4096K, 285 young (1167360K), 11 survivors (45056K)
 Metaspace       used 257472K, committed 260224K, reserved 1310720K
  class space    used 33039K, committed 34304K, reserved 1048576K
}
Event: 394.847 GC heap after
{Heap after GC invocations=106 (full 0):
 garbage-first heap   total 3100672K, used 1098094K [0x0000000600000000, 0x0000000800000000)
  region size 4096K, 14 young (57344K), 14 survivors (57344K)
 Metaspace       used 257472K, committed 260224K, reserved 1310720K
  class space    used 33039K, committed 34304K, reserved 1048576K
}
Event: 398.522 GC heap before
{Heap before GC invocations=106 (full 0):
 garbage-first heap   total 3100672K, used 2466158K [0x0000000600000000, 0x0000000800000000)
  region size 4096K, 348 young (1425408K), 14 survivors (57344K)
 Metaspace       used 258455K, committed 261184K, reserved 1310720K
  class space    used 33205K, committed 34432K, reserved 1048576K
}
Event: 398.655 GC heap after
{Heap after GC invocations=107 (full 0):
 garbage-first heap   total 3100672K, used 1111385K [0x0000000600000000, 0x0000000800000000)
  region size 4096K, 17 young (69632K), 17 survivors (69632K)
 Metaspace       used 258455K, committed 261184K, reserved 1310720K
  class space    used 33205K, committed 34432K, reserved 1048576K
}
Event: 400.526 GC heap before
{Heap before GC invocations=107 (full 0):
 garbage-first heap   total 3100672K, used 1676633K [0x0000000600000000, 0x0000000800000000)
  region size 4096K, 151 young (618496K), 17 survivors (69632K)
 Metaspace       used 259168K, committed 261888K, reserved 1310720K
  class space    used 33321K, committed 34560K, reserved 1048576K
}
Event: 401.533 GC heap after
{Heap after GC invocations=108 (full 0):
 garbage-first heap   total 3100672K, used 1377443K [0x0000000600000000, 0x0000000800000000)
  region size 4096K, 19 young (77824K), 19 survivors (77824K)
 Metaspace       used 259168K, committed 261888K, reserved 1310720K
  class space    used 33321K, committed 34560K, reserved 1048576K
}
Event: 401.744 GC heap before
{Heap before GC invocations=108 (full 0):
 garbage-first heap   total 3100672K, used 1451171K [0x0000000600000000, 0x0000000800000000)
  region size 4096K, 37 young (151552K), 19 survivors (77824K)
 Metaspace       used 259185K, committed 261888K, reserved 1310720K
  class space    used 33321K, committed 34560K, reserved 1048576K
}
Event: 401.864 GC heap after
{Heap after GC invocations=109 (full 0):
 garbage-first heap   total 3100672K, used 1402289K [0x0000000600000000, 0x0000000800000000)
  region size 4096K, 4 young (16384K), 4 survivors (16384K)
 Metaspace       used 259185K, committed 261888K, reserved 1310720K
  class space    used 33321K, committed 34560K, reserved 1048576K
}
Event: 413.376 GC heap before
{Heap before GC invocations=110 (full 0):
 garbage-first heap   total 3584000K, used 2450865K [0x0000000600000000, 0x0000000800000000)
  region size 4096K, 268 young (1097728K), 4 survivors (16384K)
 Metaspace       used 262228K, committed 264896K, reserved 1310720K
  class space    used 33794K, committed 35008K, reserved 1048576K
}
Event: 413.590 GC heap after
{Heap after GC invocations=111 (full 0):
 garbage-first heap   total 3584000K, used 1548288K [0x0000000600000000, 0x0000000800000000)
  region size 4096K, 34 young (139264K), 34 survivors (139264K)
 Metaspace       used 262228K, committed 264896K, reserved 1310720K
  class space    used 33794K, committed 35008K, reserved 1048576K
}
Event: 413.970 GC heap before
{Heap before GC invocations=111 (full 0):
 garbage-first heap   total 3584000K, used 1581056K [0x0000000600000000, 0x0000000800000000)
  region size 4096K, 43 young (176128K), 34 survivors (139264K)
 Metaspace       used 262306K, committed 265024K, reserved 1310720K
  class space    used 33805K, committed 35072K, reserved 1048576K
}
Event: 414.495 GC heap after
{Heap after GC invocations=112 (full 0):
 garbage-first heap   total 3584000K, used 1247476K [0x0000000600000000, 0x0000000800000000)
  region size 4096K, 6 young (24576K), 6 survivors (24576K)
 Metaspace       used 262306K, committed 265024K, reserved 1310720K
  class space    used 33805K, committed 35072K, reserved 1048576K
}
Event: 415.883 GC heap before
{Heap before GC invocations=112 (full 0):
 garbage-first heap   total 3584000K, used 1399028K [0x0000000600000000, 0x0000000800000000)
  region size 4096K, 43 young (176128K), 6 survivors (24576K)
 Metaspace       used 264950K, committed 267776K, reserved 1310720K
  class space    used 34242K, committed 35520K, reserved 1048576K
}
Event: 416.027 GC heap after
{Heap after GC invocations=113 (full 0):
 garbage-first heap   total 3584000K, used 1198664K [0x0000000600000000, 0x0000000800000000)
  region size 4096K, 4 young (16384K), 4 survivors (16384K)
 Metaspace       used 264950K, committed 267776K, reserved 1310720K
  class space    used 34242K, committed 35520K, reserved 1048576K
}
Event: 416.600 GC heap before
{Heap before GC invocations=113 (full 0):
 garbage-first heap   total 3584000K, used 1358408K [0x0000000600000000, 0x0000000800000000)
  region size 4096K, 43 young (176128K), 4 survivors (16384K)
 Metaspace       used 265595K, committed 268352K, reserved 1310720K
  class space    used 34278K, committed 35520K, reserved 1048576K
}

Deoptimization events (20 events):
Event: 416.497 Thread 0x00000236cf5c79d0 Uncommon trap: trap_request=0xffffffc6 fr.pc=0x0000023611ed37e8 relative=0x0000000000004a28
Event: 416.497 Thread 0x00000236cf5c79d0 Uncommon trap: reason=bimorphic_or_optimized_type_check action=maybe_recompile pc=0x0000023611ed37e8 method=com.android.tools.r8.internal.FS.a(Lcom/android/tools/r8/internal/AS;)V @ 3319 c2
Event: 416.497 Thread 0x00000236cf5c79d0 DEOPT PACKING pc=0x0000023611ed37e8 sp=0x00000065472feb80
Event: 416.497 Thread 0x00000236cf5c79d0 DEOPT UNPACKING pc=0x000002360fd823a3 sp=0x00000065472feb50 mode 2
Event: 416.499 Thread 0x00000236cf5c6aa0 Uncommon trap: trap_request=0xffffffc6 fr.pc=0x0000023611ed2b5c relative=0x0000000000003d9c
Event: 416.499 Thread 0x00000236cf5c6aa0 Uncommon trap: reason=bimorphic_or_optimized_type_check action=maybe_recompile pc=0x0000023611ed2b5c method=com.android.tools.r8.internal.FS.a(Lcom/android/tools/r8/internal/AS;)V @ 3969 c2
Event: 416.499 Thread 0x00000236cf5c6aa0 DEOPT PACKING pc=0x0000023611ed2b5c sp=0x00000065470fe850
Event: 416.499 Thread 0x00000236cf5c6aa0 DEOPT UNPACKING pc=0x000002360fd823a3 sp=0x00000065470fe820 mode 2
Event: 416.499 Thread 0x00000236cf5c6aa0 Uncommon trap: trap_request=0xffffffc6 fr.pc=0x0000023611ecfdcc relative=0x000000000000100c
Event: 416.499 Thread 0x00000236cf5c6aa0 Uncommon trap: reason=bimorphic_or_optimized_type_check action=maybe_recompile pc=0x0000023611ecfdcc method=com.android.tools.r8.internal.FS.a(Lcom/android/tools/r8/internal/AS;)V @ 1659 c2
Event: 416.499 Thread 0x00000236cf5c6aa0 DEOPT PACKING pc=0x0000023611ecfdcc sp=0x00000065470fe850
Event: 416.500 Thread 0x00000236cf5c6aa0 DEOPT UNPACKING pc=0x000002360fd823a3 sp=0x00000065470fe828 mode 2
Event: 416.516 Thread 0x00000236cf5ca250 DEOPT PACKING pc=0x0000023603a05f67 sp=0x0000006546ffe170
Event: 416.516 Thread 0x00000236cf5ca250 DEOPT UNPACKING pc=0x000002360fd82b43 sp=0x0000006546ffd638 mode 0
Event: 416.523 Thread 0x00000236cf5c8e10 DEOPT PACKING pc=0x00000236032ede7d sp=0x0000006546efe6d0
Event: 416.523 Thread 0x00000236cf5c8e10 DEOPT UNPACKING pc=0x000002360fd82b43 sp=0x0000006546efdbb8 mode 0
Event: 416.564 Thread 0x00000236cf5c79d0 Uncommon trap: trap_request=0xffffffc6 fr.pc=0x0000023611ecfdcc relative=0x000000000000100c
Event: 416.564 Thread 0x00000236cf5c79d0 Uncommon trap: reason=bimorphic_or_optimized_type_check action=maybe_recompile pc=0x0000023611ecfdcc method=com.android.tools.r8.internal.FS.a(Lcom/android/tools/r8/internal/AS;)V @ 1659 c2
Event: 416.564 Thread 0x00000236cf5c79d0 DEOPT PACKING pc=0x0000023611ecfdcc sp=0x00000065472feb80
Event: 416.564 Thread 0x00000236cf5c79d0 DEOPT UNPACKING pc=0x000002360fd823a3 sp=0x00000065472feb58 mode 2

Classes unloaded (20 events):
Event: 361.934 Thread 0x000002367af33b20 Unloading class 0x000002367e828400 'java/lang/invoke/LambdaForm$DMH+0x000002367e828400'
Event: 361.934 Thread 0x000002367af33b20 Unloading class 0x000002367e828c00 'java/lang/invoke/LambdaForm$DMH+0x000002367e828c00'
Event: 361.934 Thread 0x000002367af33b20 Unloading class 0x000002367e828800 'java/lang/invoke/LambdaForm$DMH+0x000002367e828800'
Event: 408.425 Thread 0x000002367af33b20 Unloading class 0x000002367f091c00 'java/lang/invoke/LambdaForm$DMH+0x000002367f091c00'
Event: 408.427 Thread 0x000002367af33b20 Unloading class 0x000002367f091400 'java/lang/invoke/LambdaForm$DMH+0x000002367f091400'
Event: 408.427 Thread 0x000002367af33b20 Unloading class 0x000002367f090c00 'java/lang/invoke/LambdaForm$DMH+0x000002367f090c00'
Event: 408.428 Thread 0x000002367af33b20 Unloading class 0x000002367f090000 'java/lang/invoke/LambdaForm$MH+0x000002367f090000'
Event: 408.428 Thread 0x000002367af33b20 Unloading class 0x000002367f090400 'java/lang/invoke/LambdaForm$MH+0x000002367f090400'
Event: 408.428 Thread 0x000002367af33b20 Unloading class 0x000002367f08b400 'java/lang/invoke/LambdaForm$MH+0x000002367f08b400'
Event: 408.428 Thread 0x000002367af33b20 Unloading class 0x000002367f08b800 'java/lang/invoke/LambdaForm$MH+0x000002367f08b800'
Event: 408.428 Thread 0x000002367af33b20 Unloading class 0x000002367f08bc00 'java/lang/invoke/LambdaForm$MH+0x000002367f08bc00'
Event: 408.428 Thread 0x000002367af33b20 Unloading class 0x000002367f08ac00 'java/lang/invoke/LambdaForm$DMH+0x000002367f08ac00'
Event: 408.428 Thread 0x000002367af33b20 Unloading class 0x000002367f08a800 'java/lang/invoke/LambdaForm$DMH+0x000002367f08a800'
Event: 408.428 Thread 0x000002367af33b20 Unloading class 0x000002367f08a400 'java/lang/invoke/LambdaForm$DMH+0x000002367f08a400'
Event: 408.428 Thread 0x000002367af33b20 Unloading class 0x000002367f089800 'java/lang/invoke/LambdaForm$DMH+0x000002367f089800'
Event: 408.428 Thread 0x000002367af33b20 Unloading class 0x000002367f08a000 'java/lang/invoke/LambdaForm$DMH+0x000002367f08a000'
Event: 408.428 Thread 0x000002367af33b20 Unloading class 0x000002367f089400 'java/lang/invoke/LambdaForm$DMH+0x000002367f089400'
Event: 408.428 Thread 0x000002367af33b20 Unloading class 0x000002367f089000 'java/lang/invoke/LambdaForm$DMH+0x000002367f089000'
Event: 408.428 Thread 0x000002367af33b20 Unloading class 0x000002367f088800 'java/lang/invoke/LambdaForm$DMH+0x000002367f088800'
Event: 408.428 Thread 0x000002367af33b20 Unloading class 0x000002367f088000 'java/lang/invoke/LambdaForm$DMH+0x000002367f088000'

Classes redefined (0 events):
No events

Internal exceptions (20 events):
Event: 414.989 Thread 0x00000236cf5c79d0 Exception <a 'java/lang/IncompatibleClassChangeError'{0x00000006d89337f8}: Found class java.lang.Object, but interface was expected> (0x00000006d89337f8) 
thrown [s\open\src\hotspot\share\interpreter\linkResolver.cpp, line 826]
Event: 415.021 Thread 0x00000236cf5ca760 Implicit null exception at 0x0000023611c1b341 to 0x0000023611c1b634
Event: 415.021 Thread 0x00000236cf5c5660 Implicit null exception at 0x0000023611c1b341 to 0x0000023611c1b634
Event: 415.021 Thread 0x00000236cf5c8e10 Implicit null exception at 0x0000023611c1b341 to 0x0000023611c1b634
Event: 415.042 Thread 0x00000236cf5c6aa0 Exception <a 'java/lang/IncompatibleClassChangeError'{0x00000006d89ee8a0}: Found class java.lang.Object, but interface was expected> (0x00000006d89ee8a0) 
thrown [s\open\src\hotspot\share\interpreter\linkResolver.cpp, line 826]
Event: 415.042 Thread 0x00000236cf5c5660 Exception <a 'java/lang/IncompatibleClassChangeError'{0x00000006d888c690}: Found class java.lang.Object, but interface was expected> (0x00000006d888c690) 
thrown [s\open\src\hotspot\share\interpreter\linkResolver.cpp, line 826]
Event: 415.042 Thread 0x00000236cf5c79d0 Exception <a 'java/lang/IncompatibleClassChangeError'{0x00000006d894e798}: Found class java.lang.Object, but interface was expected> (0x00000006d894e798) 
thrown [s\open\src\hotspot\share\interpreter\linkResolver.cpp, line 826]
Event: 415.042 Thread 0x00000236cf5ca250 Exception <a 'java/lang/IncompatibleClassChangeError'{0x00000006d88d6770}: Found class java.lang.Object, but interface was expected> (0x00000006d88d6770) 
thrown [s\open\src\hotspot\share\interpreter\linkResolver.cpp, line 826]
Event: 415.058 Thread 0x00000236cf5c5660 Exception <a 'java/lang/IncompatibleClassChangeError'{0x00000006d6f03518}: Found class java.lang.Object, but interface was expected> (0x00000006d6f03518) 
thrown [s\open\src\hotspot\share\interpreter\linkResolver.cpp, line 826]
Event: 415.133 Thread 0x00000236cf5c6aa0 Exception <a 'java/lang/NoSuchMethodError'{0x00000006d6fc68b0}: 'void java.lang.invoke.DirectMethodHandle$Holder.invokeStatic(java.lang.Object, java.lang.Object, java.lang.Object, java.lang.Object, java.lang.Object, java.lang.Object, java.lang.Object, java.lang.Object, java.lang.Object, java.lang.Object)'> (0x00000006d6fc68b0) 
thrown [s\open\src\hotspot\share\interpreter\linkResolver.cpp, line 759]
Event: 415.133 Thread 0x00000236cf5c5660 Exception <a 'java/lang/NoSuchMethodError'{0x00000006d69cd098}: 'void java.lang.invoke.DirectMethodHandle$Holder.invokeStatic(java.lang.Object, java.lang.Object, java.lang.Object, java.lang.Object, java.lang.Object, java.lang.Object, java.lang.Object, java.lang.Object, java.lang.Object, java.lang.Object)'> (0x00000006d69cd098) 
thrown [s\open\src\hotspot\share\interpreter\linkResolver.cpp, line 759]
Event: 415.133 Thread 0x00000236cf5ca250 Exception <a 'java/lang/NoSuchMethodError'{0x00000006d6f90b18}: 'void java.lang.invoke.DirectMethodHandle$Holder.invokeStatic(java.lang.Object, java.lang.Object, java.lang.Object, java.lang.Object, java.lang.Object, java.lang.Object, java.lang.Object, java.lang.Object, java.lang.Object, java.lang.Object)'> (0x00000006d6f90b18) 
thrown [s\open\src\hotspot\share\interpreter\linkResolver.cpp, line 759]
Event: 415.285 Thread 0x00000236cf5c5660 Exception <a 'java/lang/NoSuchMethodError'{0x00000006d67266a0}: 'int java.lang.invoke.DirectMethodHandle$Holder.invokeSpecial(java.lang.Object, java.lang.Object, java.lang.Object, java.lang.Object, java.lang.Object, java.lang.Object, java.lang.Object, java.lang.Object, java.lang.Object)'> (0x00000006d67266a0) 
thrown [s\open\src\hotspot\share\interpreter\linkResolver.cpp, line 759]
Event: 415.285 Thread 0x00000236cf5ca760 Exception <a 'java/lang/NoSuchMethodError'{0x00000006d66dadf8}: 'int java.lang.invoke.DirectMethodHandle$Holder.invokeSpecial(java.lang.Object, java.lang.Object, java.lang.Object, java.lang.Object, java.lang.Object, java.lang.Object, java.lang.Object, java.lang.Object, java.lang.Object)'> (0x00000006d66dadf8) 
thrown [s\open\src\hotspot\share\interpreter\linkResolver.cpp, line 759]
Event: 415.285 Thread 0x00000236cf5ca250 Exception <a 'java/lang/NoSuchMethodError'{0x00000006d666f0f0}: 'int java.lang.invoke.DirectMethodHandle$Holder.invokeSpecial(java.lang.Object, java.lang.Object, java.lang.Object, java.lang.Object, java.lang.Object, java.lang.Object, java.lang.Object, java.lang.Object, java.lang.Object)'> (0x00000006d666f0f0) 
thrown [s\open\src\hotspot\share\interpreter\linkResolver.cpp, line 759]
Event: 415.389 Thread 0x00000236cf5ca250 Exception <a 'java/lang/NoSuchMethodError'{0x00000006d62f5c78}: 'java.lang.Object java.lang.invoke.DirectMethodHandle$Holder.invokeStatic(java.lang.Object, int, int, java.lang.Object)'> (0x00000006d62f5c78) 
thrown [s\open\src\hotspot\share\interpreter\linkResolver.cpp, line 759]
Event: 415.640 Thread 0x00000236cf5ca760 Exception <a 'java/lang/NoSuchMethodError'{0x00000006d3b54798}: 'java.lang.Object java.lang.invoke.DirectMethodHandle$Holder.newInvokeSpecial(java.lang.Object, java.lang.Object, java.lang.Object, int, int)'> (0x00000006d3b54798) 
thrown [s\open\src\hotspot\share\interpreter\linkResolver.cpp, line 759]
Event: 416.434 Thread 0x00000236cf5c6aa0 Exception <a 'java/lang/IncompatibleClassChangeError'{0x00000006d392ae90}: Found class java.lang.Object, but interface was expected> (0x00000006d392ae90) 
thrown [s\open\src\hotspot\share\interpreter\linkResolver.cpp, line 826]
Event: 416.436 Thread 0x00000236cf5c6aa0 Exception <a 'java/lang/NoSuchMethodError'{0x00000006d3937038}: 'java.lang.Object java.lang.invoke.DirectMethodHandle$Holder.invokeInterface(java.lang.Object, java.lang.Object, java.lang.Object, java.lang.Object, java.lang.Object)'> (0x00000006d3937038) 
thrown [s\open\src\hotspot\share\interpreter\linkResolver.cpp, line 759]
Event: 416.436 Thread 0x00000236cf5c6aa0 Exception <a 'java/lang/IncompatibleClassChangeError'{0x00000006d393ab40}: Found class java.lang.Object, but interface was expected> (0x00000006d393ab40) 
thrown [s\open\src\hotspot\share\interpreter\linkResolver.cpp, line 826]

VM Operations (20 events):
Event: 415.568 Executing VM operation: HandshakeAllThreads done
Event: 415.601 Executing VM operation: ICBufferFull
Event: 415.601 Executing VM operation: ICBufferFull done
Event: 415.601 Executing VM operation: ICBufferFull
Event: 415.601 Executing VM operation: ICBufferFull done
Event: 415.701 Executing VM operation: HandshakeAllThreads
Event: 415.702 Executing VM operation: HandshakeAllThreads done
Event: 415.736 Executing VM operation: ICBufferFull
Event: 415.737 Executing VM operation: ICBufferFull done
Event: 415.874 Executing VM operation: ICBufferFull
Event: 415.874 Executing VM operation: ICBufferFull done
Event: 415.882 Executing VM operation: G1CollectForAllocation
Event: 416.028 Executing VM operation: G1CollectForAllocation done
Event: 416.258 Executing VM operation: ICBufferFull
Event: 416.259 Executing VM operation: ICBufferFull done
Event: 416.500 Executing VM operation: HandshakeAllThreads
Event: 416.501 Executing VM operation: HandshakeAllThreads done
Event: 416.506 Executing VM operation: ICBufferFull
Event: 416.507 Executing VM operation: ICBufferFull done
Event: 416.588 Executing VM operation: G1CollectForAllocation

Events (20 events):
Event: 415.866 Thread 0x000002367af644c0 flushing nmethod 0x0000023604210a90
Event: 415.866 Thread 0x000002367af644c0 flushing nmethod 0x000002360422e710
Event: 415.867 Thread 0x000002367af644c0 flushing nmethod 0x0000023604254790
Event: 415.867 Thread 0x000002367af644c0 flushing nmethod 0x0000023604277b10
Event: 415.867 Thread 0x000002367af644c0 flushing nmethod 0x0000023604279490
Event: 415.867 Thread 0x000002367af644c0 flushing nmethod 0x000002360427a290
Event: 415.867 Thread 0x000002367af644c0 flushing nmethod 0x000002360428d210
Event: 415.867 Thread 0x000002367af644c0 flushing nmethod 0x0000023604293410
Event: 415.867 Thread 0x000002367af644c0 flushing nmethod 0x0000023604295410
Event: 415.868 Thread 0x000002367af644c0 flushing nmethod 0x00000236042a8f10
Event: 415.868 Thread 0x000002367af644c0 flushing nmethod 0x00000236042aaf90
Event: 415.868 Thread 0x000002367af644c0 flushing nmethod 0x00000236042ab310
Event: 415.868 Thread 0x000002367af644c0 flushing nmethod 0x00000236042b3f10
Event: 415.868 Thread 0x000002367af644c0 flushing nmethod 0x00000236042b7410
Event: 415.868 Thread 0x000002367af644c0 flushing nmethod 0x00000236042f2010
Event: 415.868 Thread 0x000002367af644c0 flushing nmethod 0x00000236042f2590
Event: 415.868 Thread 0x000002367af644c0 flushing nmethod 0x0000023604319a90
Event: 415.868 Thread 0x000002367af644c0 flushing nmethod 0x0000023604320490
Event: 416.506 Thread 0x00000236d7af9c60 Thread added: 0x00000236d7af9c60
Event: 416.515 Thread 0x00000236cf5cc0b0 Thread exited: 0x00000236cf5cc0b0


Dynamic libraries:
0x00007ff7553a0000 - 0x00007ff7553b0000 	C:\Program Files\Java\jdk-17\bin\java.exe
0x00007ffdcfb20000 - 0x00007ffdcfd86000 	C:\WINDOWS\SYSTEM32\ntdll.dll
0x00007ffdce880000 - 0x00007ffdce949000 	C:\WINDOWS\System32\KERNEL32.DLL
0x00007ffdcd1c0000 - 0x00007ffdcd5bf000 	C:\WINDOWS\System32\KERNELBASE.dll
0x00007ffdcce80000 - 0x00007ffdccfcc000 	C:\WINDOWS\System32\ucrtbase.dll
0x00007ffd6fb00000 - 0x00007ffd6fb19000 	C:\Program Files\Java\jdk-17\bin\jli.dll
0x00007ffd6ef20000 - 0x00007ffd6ef3b000 	C:\Program Files\Java\jdk-17\bin\VCRUNTIME140.dll
0x00007ffdce7b0000 - 0x00007ffdce86c000 	C:\WINDOWS\System32\ADVAPI32.dll
0x00007ffdcf520000 - 0x00007ffdcf5c9000 	C:\WINDOWS\System32\msvcrt.dll
0x00007ffdce950000 - 0x00007ffdce9f9000 	C:\WINDOWS\System32\sechost.dll
0x00007ffdcf750000 - 0x00007ffdcf868000 	C:\WINDOWS\System32\RPCRT4.dll
0x00007ffdcd980000 - 0x00007ffdcdb46000 	C:\WINDOWS\System32\USER32.dll
0x00007ffdacf60000 - 0x00007ffdad1f1000 	C:\WINDOWS\WinSxS\amd64_microsoft.windows.common-controls_6595b64144ccf1df_6.0.26100.8972_none_3e0da176e32f9d4b\COMCTL32.dll
0x00007ffdcd690000 - 0x00007ffdcd6b7000 	C:\WINDOWS\System32\win32u.dll
0x00007ffdcddc0000 - 0x00007ffdcddeb000 	C:\WINDOWS\System32\GDI32.dll
0x00007ffdcd090000 - 0x00007ffdcd1b9000 	C:\WINDOWS\System32\gdi32full.dll
0x00007ffdccfe0000 - 0x00007ffdcd083000 	C:\WINDOWS\System32\msvcp_win.dll
0x00007ffdc5420000 - 0x00007ffdc542b000 	C:\WINDOWS\SYSTEM32\VERSION.dll
0x00007ffdcfaa0000 - 0x00007ffdcfad2000 	C:\WINDOWS\System32\IMM32.DLL
0x00007ffd9e780000 - 0x00007ffd9e78c000 	C:\Program Files\Java\jdk-17\bin\vcruntime140_1.dll
0x00007ffd56ca0000 - 0x00007ffd56d2e000 	C:\Program Files\Java\jdk-17\bin\msvcp140.dll
0x00007ffd483a0000 - 0x00007ffd48f80000 	C:\Program Files\Java\jdk-17\bin\server\jvm.dll
0x00007ffdcd850000 - 0x00007ffdcd858000 	C:\WINDOWS\System32\PSAPI.DLL
0x00007ffdc53e0000 - 0x00007ffdc5416000 	C:\WINDOWS\SYSTEM32\WINMM.dll
0x00007ffdb0490000 - 0x00007ffdb049a000 	C:\WINDOWS\SYSTEM32\WSOCK32.dll
0x00007ffdcdb50000 - 0x00007ffdcdbd2000 	C:\WINDOWS\System32\WS2_32.dll
0x00007ffdcba20000 - 0x00007ffdcba3b000 	C:\WINDOWS\SYSTEM32\kernel.appcore.dll
0x00007ffd99e50000 - 0x00007ffd99e5a000 	C:\Program Files\Java\jdk-17\bin\jimage.dll
0x00007ffdbf9f0000 - 0x00007ffdbfc32000 	C:\WINDOWS\SYSTEM32\DBGHELP.DLL
0x00007ffdcf190000 - 0x00007ffdcf515000 	C:\WINDOWS\System32\combase.dll
0x00007ffdce680000 - 0x00007ffdce759000 	C:\WINDOWS\System32\OLEAUT32.dll
0x00007ffdb4ed0000 - 0x00007ffdb4f0b000 	C:\WINDOWS\SYSTEM32\dbgcore.DLL
0x00007ffdcd5d0000 - 0x00007ffdcd67c000 	C:\WINDOWS\System32\bcryptPrimitives.dll
0x00007ffdc1540000 - 0x00007ffdc154e000 	C:\Program Files\Java\jdk-17\bin\instrument.dll
0x00007ffd5fa90000 - 0x00007ffd5fab5000 	C:\Program Files\Java\jdk-17\bin\java.dll
0x00007ffd56bc0000 - 0x00007ffd56c97000 	C:\Program Files\Java\jdk-17\bin\jsvml.dll
0x00007ffdcea00000 - 0x00007ffdcf188000 	C:\WINDOWS\System32\SHELL32.dll
0x00007ffdca7e0000 - 0x00007ffdcb07b000 	C:\WINDOWS\SYSTEM32\windows.storage.dll
0x00007ffdcf600000 - 0x00007ffdcf6f9000 	C:\WINDOWS\System32\SHCORE.dll
0x00007ffdcf870000 - 0x00007ffdcf8d6000 	C:\WINDOWS\System32\shlwapi.dll
0x00007ffdccc50000 - 0x00007ffdccc79000 	C:\WINDOWS\SYSTEM32\profapi.dll
0x00007ffd64190000 - 0x00007ffd641a8000 	C:\Program Files\Java\jdk-17\bin\zip.dll
0x00007ffd612a0000 - 0x00007ffd612b9000 	C:\Program Files\Java\jdk-17\bin\net.dll
0x00007ffdc57f0000 - 0x00007ffdc5917000 	C:\WINDOWS\SYSTEM32\WINHTTP.dll
0x00007ffdcbfd0000 - 0x00007ffdcc03c000 	C:\WINDOWS\system32\mswsock.dll
0x00007ffd5c630000 - 0x00007ffd5c646000 	C:\Program Files\Java\jdk-17\bin\nio.dll
0x00007ffd99c90000 - 0x00007ffd99ca0000 	C:\Program Files\Java\jdk-17\bin\verify.dll
0x00007ffd940c0000 - 0x00007ffd940e7000 	C:\Users\anshu\.gradle\native\1def1411415f61bf3af743bc5b6707747c0891f09f0c88961ee8f79bc544acac\windows-amd64\native-platform.dll
0x0000000070140000 - 0x00000000701b3000 	C:\Users\anshu\.gradle\native\0.2.5\x86_64-windows-gnu\gradle-fileevents.dll
0x00007ffd99410000 - 0x00007ffd9941a000 	C:\Program Files\Java\jdk-17\bin\management.dll
0x00007ffd97570000 - 0x00007ffd9757b000 	C:\Program Files\Java\jdk-17\bin\management_ext.dll
0x00007ffdcc2c0000 - 0x00007ffdcc2db000 	C:\WINDOWS\SYSTEM32\CRYPTSP.dll
0x00007ffdcb980000 - 0x00007ffdcb9b9000 	C:\WINDOWS\system32\rsaenh.dll
0x00007ffdcc080000 - 0x00007ffdcc0b2000 	C:\WINDOWS\SYSTEM32\USERENV.dll
0x00007ffdccc20000 - 0x00007ffdccc4a000 	C:\WINDOWS\SYSTEM32\bcrypt.dll
0x00007ffdcc2e0000 - 0x00007ffdcc2ec000 	C:\WINDOWS\SYSTEM32\CRYPTBASE.dll
0x00007ffdcb480000 - 0x00007ffdcb4b3000 	C:\WINDOWS\SYSTEM32\IPHLPAPI.DLL
0x00007ffdcd8f0000 - 0x00007ffdcd8fa000 	C:\WINDOWS\System32\NSI.dll
0x00007ffdc5a90000 - 0x00007ffdc5aad000 	C:\WINDOWS\SYSTEM32\dhcpcsvc6.DLL
0x00007ffdc5a60000 - 0x00007ffdc5a85000 	C:\WINDOWS\SYSTEM32\dhcpcsvc.DLL
0x00007ffdcb560000 - 0x00007ffdcb6b8000 	C:\WINDOWS\SYSTEM32\DNSAPI.dll
0x00007ffdcbdb0000 - 0x00007ffdcbdbd000 	C:\WINDOWS\SYSTEM32\DSPARSE.dll
0x00007ffdc1530000 - 0x00007ffdc153e000 	C:\Program Files\Java\jdk-17\bin\sunmscapi.dll
0x00007ffdcd6c0000 - 0x00007ffdcd83e000 	C:\WINDOWS\System32\CRYPT32.dll
0x00007ffdcc500000 - 0x00007ffdcc530000 	C:\WINDOWS\SYSTEM32\ncrypt.dll
0x00007ffdcc4b0000 - 0x00007ffdcc4ef000 	C:\WINDOWS\SYSTEM32\NTASN1.dll
0x00007ffd715d0000 - 0x00007ffd715d8000 	C:\WINDOWS\system32\wshunix.dll
0x0000000070040000 - 0x00000000700b3000 	C:\Users\anshu\AppData\Local\Temp\native-platform8215466419262530156dir\gradle-fileevents.dll
0x00007ffdc7aa0000 - 0x00007ffdc7aa7000 	C:\Program Files\Java\jdk-17\bin\rmi.dll
0x00007ffdcbb50000 - 0x00007ffdcbb86000 	C:\WINDOWS\SYSTEM32\ntmarta.dll
0x00007ffd67350000 - 0x00007ffd674e1000 	C:\Program Files\Java\jdk-17\bin\awt.dll
0x00007ffdc9ba0000 - 0x00007ffdc9c40000 	C:\WINDOWS\SYSTEM32\apphelp.dll
0x00007ffdc9de0000 - 0x00007ffdc9e88000 	C:\WINDOWS\system32\uxtheme.dll
0x00007ffdce510000 - 0x00007ffdce66d000 	C:\WINDOWS\System32\MSCTF.dll
0x00007ffdce280000 - 0x00007ffdce419000 	C:\WINDOWS\System32\ole32.dll

dbghelp: loaded successfully - version: 4.0.5 - missing functions: none
symbol engine: initialized successfully - sym options: 0x614 - pdb path: .;C:\Program Files\Java\jdk-17\bin;C:\WINDOWS\SYSTEM32;C:\WINDOWS\WinSxS\amd64_microsoft.windows.common-controls_6595b64144ccf1df_6.0.26100.8972_none_3e0da176e32f9d4b;C:\Program Files\Java\jdk-17\bin\server;C:\Users\anshu\.gradle\native\1def1411415f61bf3af743bc5b6707747c0891f09f0c88961ee8f79bc544acac\windows-amd64;C:\Users\anshu\.gradle\native\0.2.5\x86_64-windows-gnu;C:\Users\anshu\AppData\Local\Temp\native-platform8215466419262530156dir

VM Arguments:
jvm_args: --add-opens=java.base/java.lang=ALL-UNNAMED --add-opens=java.base/java.lang.invoke=ALL-UNNAMED --add-opens=java.base/java.util=ALL-UNNAMED --add-opens=java.prefs/java.util.prefs=ALL-UNNAMED --add-exports=jdk.compiler/com.sun.tools.javac.api=ALL-UNNAMED --add-exports=jdk.compiler/com.sun.tools.javac.util=ALL-UNNAMED --add-opens=java.base/java.util=ALL-UNNAMED --add-opens=java.prefs/java.util.prefs=ALL-UNNAMED --add-opens=java.base/java.nio.charset=ALL-UNNAMED --add-opens=java.base/java.net=ALL-UNNAMED --add-opens=java.base/java.util.concurrent.atomic=ALL-UNNAMED --add-opens=java.xml/javax.xml.namespace=ALL-UNNAMED -XX:MaxMetaspaceSize=4G -XX:ReservedCodeCacheSize=512m -XX:+HeapDumpOnOutOfMemoryError -Xmx8G -Dfile.encoding=windows-1252 -Duser.country=IN -Duser.language=en -Duser.variant -javaagent:C:\Users\anshu\.gradle\wrapper\dists\gradle-8.12-all\ejduaidbjup3bmmkhw3rie4zb\gradle-8.12\lib\agents\gradle-instrumentation-agent-8.12.jar 
java_command: org.gradle.launcher.daemon.bootstrap.GradleDaemon 8.12
java_class_path (initial): C:\Users\anshu\.gradle\wrapper\dists\gradle-8.12-all\ejduaidbjup3bmmkhw3rie4zb\gradle-8.12\lib\gradle-daemon-main-8.12.jar
Launcher Type: SUN_STANDARD

[Global flags]
     intx CICompilerCount                          = 4                                         {product} {ergonomic}
     uint ConcGCThreads                            = 3                                         {product} {ergonomic}
     uint G1ConcRefinementThreads                  = 10                                        {product} {ergonomic}
   size_t G1HeapRegionSize                         = 4194304                                   {product} {ergonomic}
    uintx GCDrainStackTargetSize                   = 64                                        {product} {ergonomic}
     bool HeapDumpOnOutOfMemoryError               = true                                   {manageable} {command line}
   size_t InitialHeapSize                          = 125829120                                 {product} {ergonomic}
   size_t MarkStackSize                            = 4194304                                   {product} {ergonomic}
   size_t MaxHeapSize                              = 8589934592                                {product} {command line}
   size_t MaxMetaspaceSize                         = 4294967296                                {product} {command line}
   size_t MaxNewSize                               = 5150605312                                {product} {ergonomic}
   size_t MinHeapDeltaBytes                        = 4194304                                   {product} {ergonomic}
   size_t MinHeapSize                              = 8388608                                   {product} {ergonomic}
    uintx NonNMethodCodeHeapSize                   = 5839372                                {pd product} {ergonomic}
    uintx NonProfiledCodeHeapSize                  = 265515770                              {pd product} {ergonomic}
    uintx ProfiledCodeHeapSize                     = 265515770                              {pd product} {ergonomic}
    uintx ReservedCodeCacheSize                    = 536870912                              {pd product} {command line}
     bool SegmentedCodeCache                       = true                                      {product} {ergonomic}
   size_t SoftMaxHeapSize                          = 8589934592                             {manageable} {ergonomic}
   double SweeperThreshold                         = 0.234375                                  {product} {ergonomic}
     bool UseCompressedClassPointers               = true                           {product lp64_product} {ergonomic}
     bool UseCompressedOops                        = true                           {product lp64_product} {ergonomic}
     bool UseG1GC                                  = true                                      {product} {ergonomic}
     bool UseLargePagesIndividualAllocation        = false                                  {pd product} {ergonomic}

Logging:
Log output configuration:
 #0: stdout all=warning uptime,level,tags
 #1: stderr all=off uptime,level,tags

Environment Variables:
JAVA_HOME=C:\Program Files\Java\jdk-17
CLASSPATH=C:\web app\sooperbudy_restaurant\android\\gradle\wrapper\gradle-wrapper.jar
PATH=C:\Program Files\Java\jdk-17\bin;C:\src\flutter\bin\;C:\Program Files\Java\jdk-17\bin;C:\Program Files\Android\Android Studio\jbr\bin;C:\WINDOWS\system32;C:\WINDOWS;C:\WINDOWS\System32\Wbem;C:\WINDOWS\System32\WindowsPowerShell\v1.0\;C:\WINDOWS\System32\OpenSSH\;C:\MinGW\bin;C:\WINDOWS\system32;C:\WINDOWS;C:\WINDOWS\System32\Wbem;C:\WINDOWS\System32\WindowsPowerShell\v1.0\;C:\WINDOWS\System32\OpenSSH\;C:\Users\anshu\AppData\Local\Android\Sdk\platform-tools;C:\Users\anshu\AppData\Local\Programs\Python\Python313;C:\Users\anshu\AppData\Roaming\npm;C:\Users\anshu\AppData\Local\nvm;C:\nvm4w\nodejs;C:\Program Files\dotnet\;C:\src\Git\cmd;C:\src\Git\mingw64\bin;C:\src\Git\usr\bin;C:\src\flutter\bin;C:\src\flutter;C:\Users\anshu\.local\bin;C:\Users\anshu\anaconda3;C:\Users\anshu\anaconda3\Library\mingw-w64\bin;C:\Users\anshu\anaconda3\Library\usr\bin;C:\Users\anshu\anaconda3\Library\bin;C:\Users\anshu\anaconda3\Scripts;C:\Users\anshu\AppData\Local\Programs\Python\Python313\Scripts\;C:\Users\anshu\AppData\Local\Programs\Python\Python313\;C:\Users\anshu\AppData\Local\Microsoft\WindowsApps;C:\Users\anshu\AppData\Local\Programs\Microsoft VS Code\bin;C:\Users\anshu\AppData\Local\Pub\Cache\bin;C:\Users\anshu\AppData\Roaming\npm;C:\Users\anshu\AppData\Local\nvm;C:\nvm4w\nodejs;C:\Users\anshu\.dotnet\tools;C:\Program Files\Java\jdk-17\bin;C:\Users\anshu\AppData\Local\Programs\Antigravity IDE\bin;c:\Users\anshu\.antigravity-ide\extensions\vscjava.vscode-java-debug-0.59.0-universal\bundled\scripts\noConfigScripts;C:\src\flutter\bin\mingit\cmd
USERNAME=anshu
LANG=en_US.UTF-8
OS=Windows_NT
PROCESSOR_IDENTIFIER=AMD64 Family 23 Model 104 Stepping 1, AuthenticAMD



---------------  S Y S T E M  ---------------

OS:
 Windows 11 , 64 bit Build 26100 (10.0.26100.8972)
OS uptime: 0 days 3:39 hours
Hyper-V role detected

CPU: total 12 (initial active 12) (12 cores per cpu, 2 threads per core) family 23 model 104 stepping 1 microcode 0x8608109, cx8, cmov, fxsr, ht, mmx, 3dnowpref, sse, sse2, sse3, ssse3, sse4a, sse4.1, sse4.2, popcnt, lzcnt, tsc, tscinvbit, avx, avx2, aes, clmul, bmi1, bmi2, adx, sha, fma, vzeroupper, clflush, clflushopt, hv

Memory: 4k page, system-wide physical 7501M (442M free)
TotalPageFile size 30027M (AvailPageFile size 1375M)
current process WorkingSet (physical memory assigned to process): 2692M, peak: 2724M
current process commit charge ("private bytes"): 4340M, peak: 6012M

vm_info: Java HotSpot(TM) 64-Bit Server VM (17.0.12+8-LTS-286) for windows-amd64 JRE (17.0.12+8-LTS-286), built on Jun  5 2024 06:46:59 by "mach5one" with MS VC++ 17.6 (VS2022)

END.
